M-dysph_prev	Font, L. [Дисфагия на фоне приёма антипсихотиков: распространённость : систематический обзор] / L. Font [et al.]. – Text : electronic // PubMed Central. – URL: https://pmc.ncbi.nlm.nih.gov/articles/PMC10455044/ (дата обращения: 09.10.2026).
S015	Вариативное питание. – Текст : электронный // ГАУССО НСО «Болотнинский ПНИ» : [сайт]. – 2024. – 16 авг. – URL: https://bpni.nso.ru/news/2312 (дата обращения: 09.10.2026).
S016	[Вариативное меню во всех отделениях]. – Текст : электронный // ГАУССО НСО «Успенский ПНИ» : [сайт]. – 2024. – 13 авг. – URL: https://upni.nso.ru/news/1916 (дата обращения: 09.10.2026).
S017	Что за зверь такой? Вариативное питание. – Текст : электронный // ОГБУСО «Усть-Илимский дом социального обслуживания» : [сайт]. – 2024. – 27 сент. – URL: https://ui-ogbuso.ru/novosti/ (дата обращения: 23.07.2026).
S030	Работа по развитию психоневрологических интернатов продолжается. – Текст : электронный // Комитет по социальной политике Санкт-Петербурга : [сайт]. – 2025. – 22 июля. – URL: https://www.gov.spb.ru/gov/otrasl/trud/news/302216/ (дата обращения: 17.08.2026).
S018	Вариативное питание в стационарных учреждениях социального обслуживания. – Текст : электронный // irkutsk.bezformata.com : [сайт]. – 2025. – 14 февр. – Пересказ публикации министерства социального развития, опеки и попечительства Иркутской области. – URL: https://irkutsk.bezformata.com/listnews/variativnoe/142531226/ (дата обращения: 09.10.2026).
S004	Как устроены ПНИ в России : исследование. – Текст : электронный // Если быть точным : [сайт]. – 2026. – 9 апр. – URL: https://tochno.st/materials/kak-ustroeny-pni-v-rossii-issledovanie-esli-byt-tocnym (дата обращения: 09.10.2026).
S011	О психиатрической помощи и гарантиях прав граждан при её оказании : Закон Российской Федерации от 02.07.1992 № 3185-1 : ст. 37, 39, 43, 44. – Текст : электронный // КонсультантПлюс : [сайт]. – URL: https://www.consultant.ru/document/cons_doc_LAW_4205/ (дата обращения: 09.10.2026).
S003	Санитарно-эпидемиологические требования к организации общественного питания населения : СанПиН 2.3/2.4.4282-26 : утверждены постановлением Главного государственного санитарного врача Российской Федерации от 02.06.2026 № 18 : зарегистрировано в Минюсте России 02.06.2026 № 86854. – Взамен СанПиН 2.3/2.4.3590-20, утвержденных постановлением Главного государственного санитарного врача Российской Федерации от 27.10.2020 № 32 (действовали до 01.09.2026). – Текст : электронный // rovenkiadm.gosuslugi.ru : [сайт]. – URL: https://rovenkiadm.gosuslugi.ru/netcat_files/userfiles/SanPiN_2.4.4282-26.pdf (дата обращения: 09.10.2026).
S012	[Проверки прокуратуры по организации питания в учреждениях социального обслуживания]. – Текст : электронный // kashin.info : [сайт]. – URL: https://www.kashin.info/prokuratura-informiruet/novosti-prokuratury/9121 (дата обращения: 23.07.2026).
S008	[О нормах питания] : постановление Правительства Красноярского края от 17.12.2014 № 607-п : актуальная редакция. – Текст : электронный // ctonus.ru : [сайт]. – URL: https://ctonus.ru/f/normy_pitaniya.docx (дата обращения: 23.07.2026).
S021	Об утверждении норм питания в организациях социального обслуживания Псковской области : приказ Комитета по социальной защите Псковской области от 14.07.2020 № 206 ; [О нормах питания] : постановление Правительства Красноярского края от 17.12.2014 № 607-п ; [О нормах питания] : постановление Правительства Ленинградской области № 458 ; О нормах питания получателей социальных услуг в стационарной и полустационарной формах в организациях социального обслуживания Ханты-Мансийского автономного округа – Югры : постановление Правительства Ханты-Мансийского автономного округа – Югры от 22.08.2014 № 306-п. – Текст : непосредственный.
M-pillinger	Pillinger, T. [Прибавка массы тела на фоне антипсихотиков: метаанализ 100 рандомизированных контролируемых исследований] / T. Pillinger [et al.]. – Text : electronic // Lancet Psychiatry. – 2020. – URL: https://pubmed.ncbi.nlm.nih.gov/31860457/ (дата обращения: 09.10.2026).
M-dysph_older_doan	Doan, T.-N. Prevalence and Methods for Assessment of Oropharyngeal Dysphagia in Older Adults: A Systematic Review and Meta-Analysis [Перевод заглавия: Распространённость и методы оценки орофарингеальной дисфагии у пожилых людей: систематический обзор и метаанализ] / T.-N. Doan [et al.]. – Text : electronic // Journal of Clinical Medicine. – 2022. – Vol. 11, No. 9. – Art. 2605. – DOI: 10.3390/jcm11092605. – URL: https://www.mdpi.com/2077-0383/11/9/2605 (дата обращения: 09.10.2026).
M-mortality	Correll, C. [Смертность при шизофрении: метаанализ] / C. Correll [et al.]. – Text : electronic // World Psychiatry. – 2022. – URL: https://pmc.ncbi.nlm.nih.gov/articles/PMC9077617/ (дата обращения: 09.10.2026).
M-choke_luykx	Luykx, J. J. Dopamine D2 receptor antagonism of antipsychotics and the risk of death due to choking [Перевод заглавия: Антагонизм антипсихотиков к дофаминовым D2-рецепторам и риск смерти от удушья] / J. J. Luykx [et al.]. – Text : electronic // Psychiatry Research. – 2024. – Vol. 339. – Art. 116012. – DOI: 10.1016/j.psychres.2024.116012. – URL: https://opus.bibliothek.uni-augsburg.de/opus4/frontdoor/index/index/docId/113463 (дата обращения: 09.10.2026).
M-cloz_hagg	Hägg, S. [Влияние кофеина на фармакокинетику клозапина] / S. Hägg [et al.]. – Text : electronic // PubMed Central. – 2000. – URL: https://pmc.ncbi.nlm.nih.gov/articles/PMC2014893/ (дата обращения: 09.10.2026).
M-lithium	[Отравление литием: литий, натрий и водный режим]. – Text : electronic // Cleveland Clinic : [site]. – URL: https://my.clevelandclinic.org/health/diseases/25207-lithium-toxicity (дата обращения: 09.10.2026).
M-maoi_nhs	[Ингибиторы МАО: диетические ограничения (тирамин) : памятка для пациента]. – Text : electronic // NHS : torbayandsouthdevon.nhs.uk : [site]. – URL: https://www.torbayandsouthdevon.nhs.uk/uploads/25672.pdf?last-updated=20201119 (дата обращения: 09.10.2026).
M-carb_gf	Garg, S. K. [Влияние грейпфрутового сока на фармакокинетику карбамазепина] / S. K. Garg [et al.]. – Text : electronic. – 1998. – URL: https://pubmed.ncbi.nlm.nih.gov/9757152/ (дата обращения: 09.10.2026).
S032	О мерах по совершенствованию лечебного питания в лечебно-профилактических учреждениях Российской Федерации : приказ Министерства здравоохранения Российской Федерации от 05.08.2003 № 330 : зарегистрирован в Минюсте России 12.09.2003 № 5073 : с изменениями, внесенными приказом Министерства здравоохранения Российской Федерации от 19.02.2024 № 70н. – Текст : электронный // КонсультантПлюс : [сайт]. – URL: https://www.consultant.ru/document/cons_doc_LAW_44323/ (дата обращения: 19.08.2026).
S033	Об утверждении норм лечебного питания : приказ Министерства здравоохранения Российской Федерации от 21.06.2013 № 395н : зарегистрирован в Минюсте России 05.07.2013 № 28995 : с изменениями, внесенными приказом Министерства здравоохранения Российской Федерации от 19.02.2024 № 70н. – Текст : электронный // КонсультантПлюс : [сайт]. – URL: https://www.consultant.ru/document/cons_doc_LAW_149196/ (дата обращения: 19.08.2026).
S022	Постановление Верховного Суда Российской Федерации от 21.02.2019 № 11-АД19-4. – Текст : электронный // ГАРАНТ.РУ : [сайт]. – URL: https://www.garant.ru/products/ipo/prime/doc/72095418/ (дата обращения: 09.10.2026).
S019	[Питание]. – Текст : электронный // ДДСОЛ : [сайт]. – URL: https://ddsol.ru/about/pitanie/ (дата обращения: 23.07.2026).
M-feedassist_simmons	Simmons, S. F. Prevention of unintentional weight loss in nursing home residents: a controlled trial of feeding assistance [Перевод заглавия: Профилактика непреднамеренной потери массы тела у проживающих домов престарелых: контролируемое исследование помощи при кормлении] / S. F. Simmons [et al.]. – Text : electronic // Journal of the American Geriatrics Society. – 2008. – Vol. 56, No. 8. – P. 1466–1473. – DOI: 10.1111/j.1532-5415.2008.01801.x. – URL: https://www.rand.org/pubs/external_publications/EP20080817.html (дата обращения: 09.10.2026).
M-choke_hemsley_review	Hemsley, B. Dying for a meal: an integrative review of characteristics of choking incidents and recommendations to prevent fatal and nonfatal choking across populations [Перевод заглавия: Смерть за едой: интегративный обзор характеристик случаев удушья и рекомендаций по предотвращению смертельного и несмертельного удушья в разных группах населения] / B. Hemsley [et al.]. – Text : electronic // American Journal of Speech-Language Pathology. – 2019. – Vol. 28, No. 3. – P. 1283–1297. – DOI: 10.1044/2018_AJSLP-18-0150. – URL: https://pubs.asha.org/doi/10.1044/2018_AJSLP-18-0150 (дата обращения: 09.10.2026).
I-ontario	O. Reg. 246/22: General [Перевод заглавия: Постановление Онтарио 246/22: общие положения] : under Fixing Long-Term Care Act, 2021 : ss. 75–80. – Text : electronic // Ontario.ca : [site]. – 2022. – URL: https://www.ontario.ca/laws/regulation/220246 (дата обращения: 09.10.2026).
S040	Об утверждении примерного перечня социальных услуг по видам социальных услуг : постановление Правительства Российской Федерации от 24.11.2014 № 1236 : вступило в силу с 01.01.2015. – Текст : электронный // rulaws.ru : [сайт]. – URL: https://rulaws.ru/goverment/Postanovlenie-Pravitelstva-RF-ot-24.11.2014-N-1236/ (дата обращения: 09.10.2026).
M-dysph_rev	[Дисфагия при шизофрении: механизмы : обзор]. – Text : electronic // Frontiers in Psychiatry. – 2024. – DOI: 10.3389/fpsyt.2024.1448623. – URL: https://www.frontiersin.org/journals/psychiatry/articles/10.3389/fpsyt.2024.1448623/full (дата обращения: 09.10.2026).
M-cloz_case	Yartsev, P. [Тяжёлая интоксикация клозапином на фоне употребления энергетических напитков : клинический случай] / P. Yartsev [et al.]. – Text : electronic // PubMed Central. – 2021. – URL: https://pmc.ncbi.nlm.nih.gov/articles/PMC8043221/ (дата обращения: 09.10.2026).
I-gc1	General comment No. 1 (2014). Article 12: Equal recognition before the law [Перевод заглавия: Замечание общего порядка № 1 (2014). Статья 12: Равенство перед законом] : CRPD/C/GC/1 / Committee on the Rights of Persons with Disabilities. – Text : electronic // United Nations Office at Geneva : [site]. – URL: https://ls-cts.unog.ch/sites/default/files/2019-05/CRPD_GC_1_ENG-CHI_BT.html (дата обращения: 09.10.2026).
M-mortality2	[Сердечно-сосудистые заболевания как ведущая причина избыточной смертности при шизофрении : регистровое исследование, Швеция]. – Text : electronic // PubMed Central. – URL: https://pmc.ncbi.nlm.nih.gov/articles/PMC6137375/ (дата обращения: 09.10.2026).
M-constip_ep	Every-Palmer, S. [Гипомотильность желудочно-кишечного тракта, вызванная клозапином] / S. Every-Palmer [et al.]. – Text : electronic // Australian and New Zealand Journal of Psychiatry. – 2017. – URL: https://pmc.ncbi.nlm.nih.gov/articles/PMC5533872/ (дата обращения: 09.10.2026).
I-dge	DGE-Qualitätsstandard für die Verpflegung in Senioreneinrichtungen [Перевод заглавия: Стандарт качества DGE для питания в учреждениях для пожилых]. – Text : electronic // Bundesministerium für Landwirtschaft, Ernährung und Heimat : [site]. – URL: https://www.bmleh.de/SharedDocs/Downloads/DE/_Ernaehrung/GesundeErnaehrung/DGE-Standard_Seniorenverpflegung.pdf?__blob=publicationFile&v=4 (дата обращения: 09.10.2026).
I-dge_betr	DGE-Qualitätsstandard für die Verpflegung in Betrieben, Behörden und Hochschulen [Перевод заглавия: Стандарт качества DGE для питания на предприятиях, в ведомствах и высших учебных заведениях]. – Text : electronic // Job&Fit : [site]. – URL: https://www.jobundfit.de/fileadmin/user_upload/medien/DGE-QST/DGE-Qualitaetsstandard_Betriebe_Behoerden_Hochschulen.pdf (дата обращения: 09.10.2026).
M-autism_adults_remon	Remón, S. Food and Nutrition in Autistic Adults: Knowledge Gaps and Future Perspectives [Перевод заглавия: Пища и питание взрослых с аутизмом: пробелы в знаниях и перспективы] / S. Remón, A. Ferrer-Mairal, T. Sanclemente. – Text : electronic // Nutrients. – 2025. – Vol. 17, No. 9. – Art. 1456. – DOI: 10.3390/nu17091456. – URL: https://zaguan.unizar.es/record/160956 (дата обращения: 09.10.2026).
M-menu_decay_nanayakkara	Nanayakkara, W. S. From menu to mouth: the decay pathway of nutrient intake from planned menu to consumed and characteristics of residents in an aged care facility with greater nutrient decay rates: a cross-sectional study [Перевод заглавия: От меню до рта: путь потерь нутриентов от запланированного меню до съеденного и характеристики жителей дома престарелых с наибольшими потерями: поперечное исследование] / W. S. Nanayakkara [et al.]. – Text : electronic // BMJ Open. – 2019. – Vol. 9, No. 10. – Art. e024044. – DOI: 10.1136/bmjopen-2018-024044. – URL: https://bmjopen.bmj.com/content/9/10/e024044 (дата обращения: 09.10.2026).
S002	Об утверждении рекомендуемых норм питания... : приказ Министерства труда и социальной защиты Российской Федерации от 13.09.2022 № 520н. – Текст : электронный // ГАРАНТ.РУ : [сайт]. – URL: https://www.garant.ru/products/ipo/prime/doc/405607433/ (дата обращения: 23.07.2026).
I-lvnat	Livsmedelsverket. Nationella riktlinjer för måltider i äldreomsorgen [Перевод заглавия: Национальные рекомендации по организации питания в службах ухода за пожилыми]. – Text : electronic // Livsmedelsverket : [site]. – 2021. – URL: https://www.livsmedelsverket.se/49bd7f/globalassets/publikationsdatabas/broschyrer-foldrar/riktlinjer_for_maltider_aldreomsorgen.pdf (дата обращения: 09.10.2026).
I-fin_nnc	Suominen, M. Nutritional guidelines for older people [Перевод заглавия: Рекомендации по питанию пожилых людей] / M. Suominen [et al.]. – Text : electronic // PubMed Central. – 2020. – URL: https://pmc.ncbi.nlm.nih.gov/articles/PMC12877505/ (дата обращения: 09.10.2026).
M-nijs	Nijs, K. [Семейная организация трапез в домах престарелых: кластерное рандомизированное контролируемое исследование] / K. Nijs [et al.]. – Text : electronic // BMJ. – 2006. – Vol. 332. – P. 1180–1184. – URL: https://www.bmj.com/content/332/7551/1180 (дата обращения: 09.10.2026).
M-familystyle_nijs_intake	Nijs, K. A. N. D. Effect of family-style meals on energy intake and risk of malnutrition in Dutch nursing home residents: a randomized controlled trial [Перевод заглавия: Влияние семейной подачи блюд на потребление энергии и риск недостаточности питания у жителей нидерландских домов престарелых: рандомизированное контролируемое исследование] / K. A. N. D. Nijs [et al.]. – Text : electronic // Journals of Gerontology. Series A: Biological Sciences and Medical Sciences. – 2006. – Vol. 61, No. 9. – P. 935–942. – DOI: 10.1093/gerona/61.9.935. – URL: https://research.wur.nl/en/publications/effect-of-family-style-meals-on-energy-intake-and-risk-of-malnutr/ (дата обращения: 09.10.2026).
M-mealtime_abbott_sr	Abbott, R. A. Effectiveness of mealtime interventions on nutritional outcomes for the elderly living in residential care: a systematic review and meta-analysis [Перевод заглавия: Эффективность вмешательств во время приёма пищи для показателей питания пожилых в учреждениях постоянного проживания: систематический обзор и метаанализ] / R. A. Abbott [et al.]. – Text : electronic // Ageing Research Reviews. – 2013. – DOI: 10.1016/j.arr.2013.06.002. – URL: https://arc-sw.nihr.ac.uk/uploads/attachments/Abbott%20et%20al%202013%20ARR%20Mealtimes%20SR&MA.pdf (дата обращения: 09.10.2026).
S041	ГОСТ Р 52496-2019. Социальное обслуживание населения. Контроль качества социальных услуг. Основные положения : национальный стандарт Российской Федерации : утвержден и введен в действие приказом Федерального агентства по техническому регулированию и метрологии от 06.09.2019 № 641-ст : взамен ГОСТ Р 52496-2005 : дата введения 2020-05-01. – Текст : электронный // ГАУССО НСО «Успенский ПНИ» : [сайт]. – URL: https://upni.nso.ru/sites/upni.nso.ru/wodby_files/files/wiki/2023/11/gostgost_r_52496-2019.pdf (дата обращения: 09.10.2026).
I-aus6	Strengthened Aged Care Quality Standards. Standard 6: Food and Nutrition [Перевод заглавия: Усиленные стандарты качества ухода за пожилыми. Стандарт 6: Еда и питание] / Aged Care Quality and Safety Commission. – Text : electronic // Aged Care Quality and Safety Commission : [site]. – 2025. – URL: https://www.agedcarequality.gov.au/providers/quality-standards/strengthened-aged-care-quality-standards (дата обращения: 09.10.2026).
I-cfr	42 CFR § 483.60. Food and nutrition services [Перевод заглавия: Свод федеральных нормативных актов США, раздел 42, § 483.60. Службы питания]. – Text : electronic // Legal Information Institute, Cornell Law School : [site]. – URL: https://www.law.cornell.edu/cfr/text/42/483.60 (дата обращения: 09.10.2026).
I-bda	British Dietetic Association. Nutrition and Hydration Digest [Перевод заглавия: Сборник по питанию и гидратации]. – Text : electronic // British Dietetic Association : [site]. – URL: https://www.bda.uk.com/asset/A18E6711-0DCF-4191-851AB06AC59B4C90/ (дата обращения: 09.10.2026).
I-ghouse	[Модель Green House Project и её независимая оценка: качество жизни и стоимость]. – Text : electronic // PubMed Central. – URL: https://pmc.ncbi.nlm.nih.gov/articles/PMC5338211/ (дата обращения: 09.10.2026).
I-menu_choice_abbey	Abbey, K. L. Menu Planning in Residential Aged Care – The Level of Choice and Quality of Planning of Meals Available to Residents [Перевод заглавия: Планирование меню в домах престарелых: степень выбора и качество планирования блюд, доступных жителям] / K. L. Abbey, O. R. L. Wright, S. Capra. – Text : electronic // Nutrients. – 2015. – Vol. 7, No. 9. – P. 7580–7592. – DOI: 10.3390/nu7095354. – URL: https://www.mdpi.com/2072-6643/7/9/5354 (дата обращения: 09.10.2026).
I-ladder_arnstein	Arnstein, S. R. A Ladder of Citizen Participation [Перевод заглавия: Лестница гражданского участия] / S. R. Arnstein. – Text : electronic // Journal of the American Institute of Planners. – 1969. – Vol. 35, No. 4. – P. 216–224. – DOI: 10.1080/01944366908977225. – URL: https://www.maindee.org/uploads/documents/ladder-of-citizen-participation.pdf (дата обращения: 09.10.2026).
I-at_qs	Qualitätsstandard für die Ernährung in Wohn- und Pflegeeinrichtungen für Seniorinnen und Senioren : aktualisiert [Перевод заглавия: Стандарт качества питания в учреждениях проживания и ухода для пожилых : актуализированная редакция]. – Text : electronic // Sozialministerium : [site]. – 2022. – URL: https://www.sozialministerium.gv.at/dam/jcr:4f9ff5dc-a44c-4dee-b8d9-a22e6cd3c300/AKTUALISIERT_QS_f%C3%BCr_die_Ern%C3%A4hrung_in_Wohn-_und_Pflegeeinrichtungen_f%C3%BCr_Seniorinnen_und_Senioren.pdf (дата обращения: 09.10.2026).
I-cqc14	Regulation 14: Meeting nutritional and hydration needs [Перевод заглавия: Положение 14: удовлетворение потребностей в питании и питье] / Care Quality Commission. – Text : electronic // Care Quality Commission : [site]. – URL: https://www.cqc.org.uk/guidance-regulation/providers/regulations-service-providers-and-managers/health-social-care-act/regulation-14 (дата обращения: 09.10.2026).
M-fingerfood_heelan	Heelan, M. The use of finger foods in care settings: an integrative review [Перевод заглавия: Использование еды, которую едят руками, в учреждениях ухода: интегративный обзор] / M. Heelan [et al.]. – Text : electronic // Journal of Human Nutrition and Dietetics. – 2020. – Vol. 33, No. 2. – P. 187–197. – DOI: 10.1111/jhn.12725. – URL: https://eprints.soton.ac.uk/436558/2/The_use_of_finger_foods_in_care_settings_An_integrative_review_.pdf (дата обращения: 09.10.2026).
M-choke_hwang_breakfast	Hwang, S.-J. Choking incidents among psychiatric inpatients: a retrospective study in Chutung Veterans General Hospital [Перевод заглавия: Эпизоды удушья у пациентов психиатрического стационара: ретроспективное исследование в Госпитале ветеранов Чутун] / S.-J. Hwang [et al.]. – Text : electronic // Journal of the Chinese Medical Association. – 2010. – Vol. 73, No. 8. – P. 419–424. – URL: https://wd.vghtpe.gov.tw/jcma/files/7308_419.pdf (дата обращения: 09.10.2026).
I-nsw_choking	Minimising choking risk in mental health consumers : Safety Information SI: 016/25 [Перевод заглавия: Снижение риска удушья у пациентов служб психического здоровья : информация по безопасности SI: 016/25] / NSW Health. – Text : electronic // NSW Health : [site]. – 2025. – 18 Nov. – Взамен SI: 004/24. – URL: https://www.health.nsw.gov.au/sabs/Documents/2025-si-016.pdf (дата обращения: 09.10.2026).
M-resolve	[RESOLVE: реалистский синтез данных о прибавке массы тела на фоне антипсихотиков]. – Text : electronic // PubMed Central. – 2025. – URL: https://pmc.ncbi.nlm.nih.gov/articles/PMC12531729/ (дата обращения: 09.10.2026).
M-dysph_id_robertson	Robertson, J. Prevalence of dysphagia in people with intellectual disability: A systematic review [Перевод заглавия: Распространённость дисфагии у людей с интеллектуальной недостаточностью: систематический обзор] / J. Robertson [et al.]. – Text : electronic // Intellectual and Developmental Disabilities. – 2017. – Vol. 55, No. 6. – P. 377–391. – DOI: 10.1352/1934-9556-55.6.377.
M-id_manduchi	Manduchi, B. Interventions for Feeding and Swallowing Disorders in Adults with Intellectual Disability: A Systematic Review of the Evidence [Перевод заглавия: Вмешательства при нарушениях приёма пищи и глотания у взрослых с интеллектуальной недостаточностью: систематический обзор доказательств] / B. Manduchi, G. M. Fainman, M. Walshe. – Dublin : Trinity College Dublin. – URL: https://www.tara.tcd.ie/bitstreams/7e359d5d-53b3-4fc7-82d3-e8a0e705b486/download (дата обращения: 09.10.2026). – Text : electronic.
M-choke_ruschena	Ruschena, D. Choking deaths: the role of antipsychotic medication [Перевод заглавия: Смерти от удушья: роль антипсихотических препаратов] / D. Ruschena [et al.]. – Text : electronic // British Journal of Psychiatry. – 2003. – Vol. 183, No. 5. – P. 446–450. – DOI: 10.1192/bjp.183.5.446. – URL: https://www.cambridge.org/core/product/38D5F426C8A56688B3B689193C2C334C (дата обращения: 09.10.2026).
M-choke_nagamine	Nagamine, T. Choking risk among psychiatric inpatients [Перевод заглавия: Риск удушья у пациентов психиатрических стационаров] : [letter] / T. Nagamine. – Text : electronic // Neuropsychiatric Disease and Treatment. – 2011. – Vol. 7. – P. 381–382. – URL: https://www.dovepress.com/choking-risk-among-psychiatric-inpatients-peer-reviewed-fulltext-article-NDT (дата обращения: 09.10.2026).
M-dysph_dd	[Дисфагия, аспирационная пневмония и кишечная непроходимость на фоне антипсихотиков у лиц с нарушениями развития : обзор]. – Text : electronic // JSciMed Central : [site]. – URL: https://www.jscimedcentral.com/public/assets/articles/psychiatry-11-1183.pdf (дата обращения: 09.10.2026).
M-guss_trapl	Trapl, M. [GUSS (Gugging Swallowing Screen): прикроватный скрининг дисфагии] / M. Trapl [et al.]. – Text : electronic // Stroke. – 2007. – DOI: 10.1161/STROKEAHA.107.483933. – URL: https://doi.org/10.1161/STROKEAHA.107.483933 (дата обращения: 09.10.2026).
M-eat10	Belafsky, P. C. [EAT-10: опросник симптомов дисфагии из 10 пунктов] / P. C. Belafsky [et al.]. – Text : electronic // Annals of Otology, Rhinology and Laryngology. – 2008. – DOI: 10.1177/000348940811701210. – URL: https://doi.org/10.1177/000348940811701210 (дата обращения: 09.10.2026).
M-iddsi2017	Cichero, J. A. Y. The IDDSI Framework [Перевод заглавия: Система IDDSI] / J. A. Y. Cichero [et al.]. – Text : electronic // Dysphagia. – 2017. – Vol. 32, No. 2. – P. 293–314. – URL: https://pubmed.ncbi.nlm.nih.gov/27913916/ (дата обращения: 09.10.2026).
I-iddsi_ru	Полное описание системы IDDSI 2.0 : русский перевод / International Dysphagia Diet Standardisation Initiative (IDDSI). – 2021. – Февр. – URL: https://iddsi.org/IDDSI/media/images/Translations/IDDSI_Framework_Descriptors_V2_Final_Russian_Feb_2021.pdf (дата обращения: 09.10.2026). – Текст : электронный. – То же: Методы тестирования : русский перевод. – 2020. – Нояб. – URL: https://www.iddsi.org/images/Publications-Resources/DetailedDefnTestMethods/Russian/V2TestingMethodsRussianNov2020.PDF (дата обращения: 09.10.2026).
S037	Жеребцова, В. А. Диагностика при коррекции нутритивной недостаточности и дисфагии у детей : методические рекомендации / В. А. Жеребцова [и др.]. – Тула : ГУЗ ТО «Клинический центр детской психоневрологии», 2023. – URL: https://med-cen-kcdp-tula-r71.gosweb.gosuslugi.ru/netcat_files/userfiles/Metodichka_disfagiya_nutritivn_25.12.2023.pdf (дата обращения: 09.10.2026). – Текст : электронный.
M-iddsi_wu	Wu, X. S. [Внедрение IDDSI: соответствие текстур стандарту] / X. S. Wu [et al.]. – Text : electronic // PubMed Central. – 2022. – URL: https://pmc.ncbi.nlm.nih.gov/articles/PMC8994209/ (дата обращения: 09.10.2026).
I-aus_iddsi	Texture-modified food and fluids : provider fact sheet [Перевод заглавия: Пища и напитки изменённой текстуры : информационный листок для поставщиков услуг] / Aged Care Quality and Safety Commission. – Text : electronic // Aged Care Quality and Safety Commission : [site]. – URL: https://www.agedcarequality.gov.au/sites/default/files/media/fnd_providers_texturemodifed.pdf (дата обращения: 09.10.2026).
I-moulded_farrer	Farrer, O. A feast for the eyes – smooth puree diet moulding improves oral intake [Перевод заглавия: Праздник для глаз: формование гладкого пюре улучшает потребление пищи] / O. Farrer. – Text : electronic // Food Processing. – 2016. – 24 Feb. – URL: https://foodprocessing.com.au/content/prepared-food/article/a-feast-for-the-eyes-smooth-puree-diet-moulding-improves-oral-intake-1197151219 (дата обращения: 09.10.2026).
M-hydrolysed_wu	Wu, X. S. Effects of hydrolysed meat on dietary intake and nutritional status in aged care residents requiring pureed diets: a crossover randomised controlled trial [Перевод заглавия: Влияние гидролизованного мяса на потребление пищи и нутритивный статус жителей домов престарелых на протёртой диете: перекрёстное рандомизированное контролируемое исследование] / X. S. Wu, A. Miles, A. Braakhuis. – Text : electronic // BMC Geriatrics. – 2022. – Vol. 22. – Art. 905. – DOI: 10.1186/s12877-022-03622-2. – URL: https://link.springer.com/article/10.1186/s12877-022-03622-2 (дата обращения: 09.10.2026).
M-dehydr_steele	Steele, C. M. [Нагрузка лечения загущёнными жидкостями при дисфагии] / C. M. Steele. – Text : electronic // Breathe. – 2021. – Vol. 17, No. 1. – Art. 210003. – URL: https://publications.ersnet.org/content/breathe/17/1/210003 (дата обращения: 09.10.2026).
M-dehydr_li	Li, W. Q. [Применение загущённых жидкостей при дисфагии: систематический обзор и метаанализ] / W. Q. Li [et al.]. – Text : electronic // PubMed Central. – 2025. – URL: https://pmc.ncbi.nlm.nih.gov/articles/PMC12516007/ (дата обращения: 09.10.2026).
M-fwp_gillman	Gillman, A. Implementing the Free Water Protocol Does Not Result in Aspiration Pneumonia in Carefully Selected Patients With Dysphagia: A Systematic Review [Перевод заглавия: Применение протокола свободной воды не приводит к аспирационной пневмонии у тщательно отобранных пациентов с дисфагией: систематический обзор] / A. Gillman, R. Winkler [et al.]. – Text : electronic // Dysphagia. – 2017. – Vol. 32, No. 3. – P. 345–361. – URL: https://apps.asha.org/EvidenceMaps/Articles/ArticleSummary/58d02ea6-913c-4a3c-abfd-6d06fc04dddc (дата обращения: 09.10.2026).
M-oral_yoneyama	Yoneyama, T. [Ежедневный уход за полостью рта и пневмония у жителей домов ухода : рандомизированное исследование] / T. Yoneyama [et al.]. – Text : electronic // Journal of the American Geriatrics Society. – 2002. – URL: https://pubmed.ncbi.nlm.nih.gov/11874491/ (дата обращения: 09.10.2026).
M-oral_vdmaarel	van der Maarel-Wierink, C. D. Oral health care and aspiration pneumonia in frail older people: a systematic literature review [Перевод заглавия: Гигиена полости рта и аспирационная пневмония у ослабленных пожилых людей: систематический обзор литературы] / C. D. van der Maarel-Wierink [et al.]. – Text : electronic // Gerodontology. – 2013. – Vol. 30, No. 1. – P. 3–9. – DOI: 10.1111/j.1741-2358.2012.00637.x. – URL: https://cris.maastrichtuniversity.nl/en/publications/oral-health-care-and-aspiration-pneumonia-in-frail-older-people-a/ (дата обращения: 09.10.2026).
M-oral_cochrane	Cao, Y. Oral care measures for preventing nursing home-acquired pneumonia [Перевод заглавия: Меры по уходу за полостью рта для профилактики пневмонии, приобретённой в доме престарелых] / Y. Cao [et al.]. – Text : electronic // Cochrane Database of Systematic Reviews. – 2022. – Issue 11. – Art. No. CD012416.pub3. – DOI: 10.1002/14651858.CD012416.pub3. – URL: https://cochranelibrary.com/cdsr/doi/10.1002/14651858.CD012416.pub3/information (дата обращения: 09.10.2026).
M-dental_porter	Porter, J. [Проблемы полости рта у жителей домов ухода: сухость во рту и плохо сидящие протезы] / J. Porter [et al.]. – Text : electronic // International Journal of Dental Hygiene. – 2015. – URL: https://pmc.ncbi.nlm.nih.gov/articles/PMC4501060/ (дата обращения: 09.10.2026).
M-cloz_wd	[Кофеин и клозапин: снижение концентрации клозапина при отмене кофеина : клинический обзор]. – Text : electronic // Pharmacy Times : [site]. – URL: https://www.pharmacytimes.com/view/caffeine-and-clozapine (дата обращения: 09.10.2026).
I-medsafe_clozapine_2020	Clozapine: datasheet updates [Перевод заглавия: Клозапин: обновления листка-вкладыша] / Medsafe, New Zealand Medicines and Medical Devices Safety Authority. – Text : electronic // Medsafe : [site]. – 2020. – 9 June (rev. 29 July 2020, 6 Nov. 2020). – URL: https://medsafe.govt.nz/safety/Alerts/ClozapineDatasheetUpdates.asp (дата обращения: 09.10.2026).
I-mhra_clozapine_2020	Clozapine and other antipsychotics: monitoring blood concentrations for toxicity [Перевод заглавия: Клозапин и другие антипсихотики: контроль концентрации в крови для выявления токсичности] / Medicines and Healthcare products Regulatory Agency. – Text : electronic // Drug Safety Update. – 2020. – 26 Aug. – URL: https://www.gov.uk/drug-safety-update/clozapine-and-other-antipsychotics-monitoring-blood-concentrations-for-toxicity (дата обращения: 09.10.2026).
S051	Об охране здоровья граждан от воздействия окружающего табачного дыма, последствий потребления табака или потребления никотинсодержащей продукции : Федеральный закон от 23.02.2013 № 15-ФЗ : ст. 12 : редакция от 26.06.2026. – Текст : электронный // КонсультантПлюс : [сайт]. – URL: https://www.consultant.ru/document/cons_doc_LAW_142515/d9a977963094e5d44905a01c0418cf9753b8e8d8/ (дата обращения: 09.10.2026).
M-lithium_sp	Lithium Toxicity [Перевод заглавия: Отравление литием]. – Text : electronic // StatPearls. – URL: https://www.ncbi.nlm.nih.gov/books/NBK499992/ (дата обращения: 09.10.2026).
M-lithium_nhs_faq	Common questions about lithium [Перевод заглавия: Частые вопросы о литии] / NHS. – Text : electronic // NHS : [site]. – Page last reviewed: 09.08.2023. – URL: https://www.nhs.uk/medicines/lithium/common-questions-about-lithium/ (дата обращения: 09.10.2026).
M-lithium_temp_wilting	Wilting, I. The impact of environmental temperature on lithium serum levels [Перевод заглавия: Влияние температуры окружающей среды на концентрацию лития в сыворотке] / I. Wilting [et al.]. – Text : electronic // Bipolar Disorders. – 2007. – Vol. 9, No. 6. – P. 603–608. – URL: https://researchinformation.umcutrecht.nl/en/publications/the-impact-of-environmental-temperature-on-lithium-serum-levels/ (дата обращения: 09.10.2026).
M-maoi_guide	MAOI diet and tyramine: prescriber’s guide [Перевод заглавия: Диета при приёме ИМАО и тирамин: руководство для назначающих врачей]. – Text : electronic // PubMed Central. – 2022. – URL: https://pmc.ncbi.nlm.nih.gov/articles/PMC9172554/ (дата обращения: 09.10.2026).
M-maoi_hist	[«Сырная реакция» на ингибиторы МАО: история открытия : исторический обзор]. – Text : electronic // PubMed Central. – URL: https://pmc.ncbi.nlm.nih.gov/articles/PMC2738414/ (дата обращения: 09.10.2026).
S050	Моклобемид (Moclobemidum) : описание действующего вещества. – Текст : электронный // Регистр лекарственных средств России (РЛС) : [сайт]. – URL: https://www.rlsnet.ru/active-substance/moklobemid-229 (дата обращения: 09.10.2026).
I-fda_grapefruit	Grapefruit Juice and Some Drugs Don't Mix : Consumer Update [Перевод заглавия: Грейпфрутовый сок и некоторые лекарства несовместимы : информация для потребителей] / U.S. Food and Drug Administration. – Text : electronic // U.S. Food and Drug Administration : [site]. – Content current as of 07/01/2021. – URL: https://www.fda.gov/consumers/consumer-updates/grapefruit-juice-and-some-drugs-dont-mix (дата обращения: 09.10.2026).
M-wtloss_gaddey	Gaddey, H. L. Unintentional Weight Loss in Older Adults [Перевод заглавия: Непреднамеренная потеря массы тела у пожилых] / H. L. Gaddey, K. Holder. – Text : electronic // American Family Physician. – 2021. – Vol. 104, No. 1. – P. 34–40. – URL: https://www.aafp.org/pubs/afp/issues/2021/0700/p34.html (дата обращения: 09.10.2026).
I-dcbp	Best Practices for Nutrition, Food Service and Dining in Long Term Care Homes [Перевод заглавия: Лучшие практики питания, пищевого обслуживания и организации трапез в домах долговременного ухода] / Dietitians of Canada. – 2019. – URL: https://www.dietitians.ca/DietitiansOfCanada/media/Documents/Resources/2019-Best-Practices-for-Nutrition,-Food-Service-and-Dining-in-Long-Term-Care-LTC-Homes.pdf (дата обращения: 09.10.2026). – Text : electronic.
S052	Об основах охраны здоровья граждан в Российской Федерации : Федеральный закон от 21.11.2011 № 323-ФЗ : ст. 20 : редакция от 04.08.2026. – Текст : электронный // КонсультантПлюс : [сайт]. – URL: https://www.consultant.ru/document/cons_doc_LAW_121895/0b1cadf39ebeb0f1fed2ef0b8ebab5973197d7f1/ (дата обращения: 09.10.2026).
M-comf_oralfeed	Oral feeding options for people with dementia: a systematic review [Перевод заглавия: Варианты перорального кормления людей с деменцией: систематический обзор]. – Text : electronic. – 2011. – PMID 21391936. – URL: https://pubmed.ncbi.nlm.nih.gov/21391936/ (дата обращения: 09.10.2026).
M-comf_jnha	Comfort feeding in hospitalised people with dementia: a retrospective study of survival following comfort feeding recommendations [Перевод заглавия: Комфортное кормление госпитализированных людей с деменцией: ретроспективное исследование выживаемости после рекомендации комфортного кормления]. – Text : electronic // Journal of Nutrition, Health and Aging. – 2024. – DOI: 10.1016/j.jnha.2024.100362. – URL: https://doi.org/10.1016/j.jnha.2024.100362 (дата обращения: 09.10.2026).
M-tube_ags2014	American Geriatrics Society feeding tubes in advanced dementia position statement [Перевод заглавия: Позиция Американского гериатрического общества о зондовом питании при тяжёлой деменции] / American Geriatrics Society Ethics Committee and Clinical Practice and Models of Care Committee. – Text : electronic // Journal of the American Geriatrics Society. – 2014. – Publ. online 17 July 2014. – PMID 25039796. – URL: https://www.themednet.org/publications/american-geriatrics-society-feeding-tubes-in-advanced-dementia-position-statement (дата обращения: 09.10.2026).
M-crwg	Association between antipsychotic medication and clinically relevant weight change: meta-analysis [Перевод заглавия: Связь антипсихотической терапии с клинически значимым изменением массы тела: метаанализ]. – Text : electronic // BJPsych Open. – 2023. – Jan. – DOI: 10.1192/bjo.2022.619. – URL: https://www.cambridge.org/core/journals/bjpsych-open/article/association-between-antipsychotic-medication-and-clinically-relevant-weight-change-metaanalysis/C2DC78D062978D7C805E0E9B99B7911F (дата обращения: 09.10.2026).
M-fepwg	[Прибавка массы тела на фоне антипсихотиков при первом эпизоде психоза : метаанализ]. – Text : electronic // PubMed Central. – URL: https://pmc.ncbi.nlm.nih.gov/articles/PMC5589463/ (дата обращения: 09.10.2026).
M-metmon	[Мониторинг метаболического риска на фоне антипсихотиков : клинические рекомендации]. – Text : electronic // PubMed Central. – URL: https://pmc.ncbi.nlm.nih.gov/articles/PMC8582768/ (дата обращения: 09.10.2026).
M-lifestyle	Lifestyle interventions in mental health conditions: systematic review [Перевод заглавия: Вмешательства в образ жизни при психических расстройствах: систематический обзор]. – Text : electronic // PubMed Central. – 2022. – URL: https://pmc.ncbi.nlm.nih.gov/articles/PMC9462072/ (дата обращения: 09.10.2026).
M-teasdale	Teasdale, S. [Вмешательства в питание при тяжёлых психических расстройствах] / S. Teasdale [et al.]. – Text : electronic // Medical Journal of Australia. – 2023. – URL: https://pmc.ncbi.nlm.nih.gov/articles/PMC9828433/ (дата обращения: 09.10.2026).
M-metformin_cochrane	Agarwal, S. M. Pharmacological interventions for prevention of weight gain in people with schizophrenia [Перевод заглавия: Фармакологические вмешательства для профилактики прибавки массы тела у людей с шизофренией] / S. M. Agarwal [et al.]. – Text : electronic // Cochrane Database of Systematic Reviews. – 2022. – Publ. 3 Oct. – Art. No. CD013337.pub2. – DOI: 10.1002/14651858.CD013337.pub2. – URL: https://experts.mcmaster.ca/scholarly-works/2441752 (дата обращения: 09.10.2026).
M-nes_allison	Allison, K. C. Proposed diagnostic criteria for night eating syndrome [Перевод заглавия: Предлагаемые диагностические критерии синдрома ночной еды] / K. C. Allison [et al.]. – Text : electronic // International Journal of Eating Disorders. – 2010. – Vol. 43, No. 3. – P. 241–247. – DOI: 10.1002/eat.20693. – URL: https://cris.haifa.ac.il/en/publications/proposed-diagnostic-criteria-for-night-eating-syndrome/ (дата обращения: 09.10.2026).
M-must_bapen	MUST – Malnutrition Universal Screening Tool : explanatory booklet [Перевод заглавия: MUST – универсальный инструмент скрининга недостаточности питания : пояснительная брошюра] / BAPEN. – 2003/2018. – URL: https://www.bapen.org.uk/pdfs/must/must_explan.pdf (дата обращения: 09.10.2026). – Text : electronic.
M-constip_nhs	Managing constipation in people taking clozapine [Перевод заглавия: Ведение запоров у людей, принимающих клозапин] / NHS Specialist Pharmacy Service. – Text : electronic // Specialist Pharmacy Service : [site]. – URL: https://sps.nhs.uk/articles/managing-constipation-in-people-taking-clozapine/ (дата обращения: 09.10.2026).
M-micro_psyc	Cuomo, A. [Дефицит витамина D в психиатрической популяции] / A. Cuomo [et al.]. – Text : electronic // Frontiers in Psychiatry. – 2019. – DOI: 10.3389/fpsyt.2019.00167. – URL: https://www.frontiersin.org/journals/psychiatry/articles/10.3389/fpsyt.2019.00167/full (дата обращения: 09.10.2026).
M-micro_vitd	LoPinto-Khoury, C. [Карбамазепин и уровень 25(OH)D : метаанализ] / C. LoPinto-Khoury [et al.]. – Text : electronic // Epilepsy Research. – 2021. – URL: https://pubmed.ncbi.nlm.nih.gov/34847425/ (дата обращения: 09.10.2026).
M-micro_b12	Hanna, S. [Дефицит витамина B12 и фолата у пожилых: депрессия и когнитивные нарушения] / S. Hanna. – Text : electronic // Primary Care Companion. – 2009. – URL: https://pmc.ncbi.nlm.nih.gov/articles/PMC2781043/ (дата обращения: 09.10.2026).
I-insulin_bnssg	Insulin Administration and Blood Glucose Monitoring Record for Adults in Care Homes (Nursing and Residential) [Перевод заглавия: Лист введения инсулина и контроля глюкозы крови для взрослых в домах ухода (сестринских и постоянного проживания)] / BNSSG Area Prescribing & Medicines Optimisation Committee (NHS Bristol, North Somerset and South Gloucestershire). – Approved 16.09.2019. – URL: https://bnssg.icb.nhs.uk/wp-content/uploads/2022/06/BNSSG_CCG_Insulin_toolkit_for_care_homes.pdf (дата обращения: 09.10.2026). – Text : electronic.
S053	F98.3. Поедание несъедобного младенцами и детьми : описание рубрики МКБ-10. – Текст : электронный // Регистр лекарственных средств России (РЛС) : [сайт]. – URL: https://www.rlsnet.ru/mkb/poedanie-nesedobnogo-mladencami-i-detmi-5201 (дата обращения: 09.10.2026).
M-pica_ashworth	Ashworth, M. Prevalence and correlates of pica among adults with intellectual disability in institutions [Перевод заглавия: Распространённость и корреляты пикацизма у взрослых с интеллектуальной недостаточностью в учреждениях] / M. Ashworth, L. Martin, J. P. Hirdes. – Text : electronic // Journal of Mental Health Research in Intellectual Disabilities. – 2008. – Vol. 1, No. 3. – P. 176–190. – DOI: 10.1080/19315860802029154. – URL: https://bibliography.interrai.org/node/41912 (дата обращения: 09.10.2026).
M-pica_miao	Miao, D. A meta-analysis of pica and micronutrient status [Перевод заглавия: Метаанализ связи пикацизма и статуса микронутриентов] / D. Miao, S. L. Young, C. D. Golden. – Text : electronic // American Journal of Human Biology. – 2015. – Vol. 27, No. 1. – P. 84–93. – URL: https://read.qxmd.com/read/25156147/a-meta-analysis-of-pica-and-micronutrient-status (дата обращения: 09.10.2026).
M-fb_palese	Palese, C. Repeat Intentional Foreign Body Ingestion: The Importance of a Multidisciplinary Approach [Перевод заглавия: Повторное намеренное проглатывание инородных тел: значение междисциплинарного подхода] / C. Palese, F. H. Al-Kawas. – Text : electronic // Gastroenterology & Hepatology (N Y). – 2012. – July. – Comment on: Atluri D., Veluru C., Chopra A., Mullen K. D. Recurrent Intentional Foreign Body Ingestion: An Endoscopist's Dilemma // Gastroenterology & Hepatology (N Y). – 2012. – Vol. 8. – P. 482–484. – URL: https://www.gastroenterologyandhepatology.net/?p=530 (дата обращения: 09.10.2026).
S060	Гражданский кодекс Российской Федерации (часть первая) от 30.11.1994 № 51-ФЗ : ст. 29, 30, 35, 36. – Текст : электронный // zakonrf.info : [сайт]. – URL: https://www.zakonrf.info/gk/29/ (дата обращения: 09.10.2026).
S061	Об опеке и попечительстве : Федеральный закон от 24.04.2008 № 48-ФЗ : ст. 11, 15 : с изменениями, внесенными Федеральным законом от 29.09.2025 № 367-ФЗ. – Текст : электронный // КонсультантПлюс : [сайт]. – URL: https://www.consultant.ru/document/cons_doc_LAW_76459/512e4c7606acd1bef6241d6120aea969882ac86a/ (дата обращения: 09.10.2026).
S001	Об основах социального обслуживания граждан в Российской Федерации : Федеральный закон от 28.12.2013 № 442-ФЗ : ст. 9, 16, 17, 31–34. – Текст : электронный // КонсультантПлюс : [сайт]. – URL: https://www.consultant.ru/document/cons_doc_LAW_156558/ (дата обращения: 09.10.2026).
M-montessori	Montessori-based interventions for dementia: systematic review [Перевод заглавия: Вмешательства на основе метода Монтессори при деменции: систематический обзор]. – Text : electronic // PubMed Central. – 2023. – URL: https://pmc.ncbi.nlm.nih.gov/articles/PMC10336713/ (дата обращения: 09.10.2026).
I-orebro	Riktlinjer för mat, måltider och nutrition : version 6 [Перевод заглавия: Руководство по еде, трапезам и питанию : версия 6] / Örebro kommun. – 2023. – URL: https://www.orebro.se/download/18.5779588418bcc1d3d2313d8/1700215055156/Riktlinjer%20f%C3%B6r%20mat,%20m%C3%A5ltider%20och%20nutrition%20version%206,%2023-11-16.pdf (дата обращения: 09.10.2026). – Text : electronic.
M-pref_logan2001	Logan, K. R. Preferences and reinforcers for students with profound multiple disabilities: can we identify them? [Перевод заглавия: Предпочтения и подкрепления у учащихся с тяжёлыми множественными нарушениями: можно ли их выявить?] / K. R. Logan [et al.]. – Text : electronic // Journal of Developmental and Physical Disabilities. – 2001. – June. – DOI: 10.1023/A:1016624923479. – URL: https://digitalcommons.kennesaw.edu/facpubs/1773 (дата обращения: 09.10.2026).
M-talkingmats_murphy	Murphy, J. The use of Talking Mats to support people with dementia and their carers to make decisions together [Перевод заглавия: Использование «Говорящих ковриков» для поддержки совместного принятия решений людьми с деменцией и ухаживающими за ними] / J. Murphy, T. Oliver. – Text : electronic // Health and Social Care in the Community. – 2013. – Vol. 21, No. 2. – P. 171–180. – DOI: 10.1111/hsc.12005. – URL: https://discovery.dundee.ac.uk/en/publications/the-use-of-talking-mats-to-support-people-with-dementia-and-their/ (дата обращения: 09.10.2026).
M-pref_abbott	Abbott, K. M. The Change in Nursing Home Residents' Preferences Over Time [Перевод заглавия: Изменение предпочтений жителей домов престарелых со временем] / K. M. Abbott [et al.]. – Text : electronic // Journal of the American Medical Directors Association. – 2018. – Vol. 19, No. 12. – P. 1092–1098. – DOI: 10.1016/j.jamda.2018.08.004. – URL: https://pure.psu.edu/en/publications/the-change-in-nursing-home-residents-preferences-over-time/ (дата обращения: 09.10.2026).
M-proxy_kunicki2023	Kunicki, Z. J. Comparing resident, proxy, and staff respondents for nursing home residents' preferences for everyday living [Перевод заглавия: Сравнение ответов жителей, их представителей и персонала о повседневных предпочтениях жителей домов престарелых] / Z. J. Kunicki [et al.]. – Text : electronic // Journal of Applied Gerontology. – 2023. – Vol. 42, No. 1. – P. 28–36. – DOI: 10.1177/07334648221123059. – URL: https://collaborate.umb.edu/en/publications/comparing-resident-proxy-and-staff-respondents-for-nursing-home-r/ (дата обращения: 09.10.2026).
I-crpd_rus_co2018	Concluding observations on the initial report of the Russian Federation : CRPD/C/RUS/CO/1 [Перевод заглавия: Заключительные замечания по первоначальному докладу Российской Федерации] / Committee on the Rights of Persons with Disabilities. – Adopted 7 March 2018 (391st meeting), issued 9 April 2018. – Text : electronic // ecoi.net : [site]. – URL: https://www.ecoi.net/en/file/local/1439226/1930_1532593850_g1809688.pdf (дата обращения: 09.10.2026).
M-sdm_francis2024	Francis, C. J. Supported decision-making interventions in mental healthcare: a systematic review of current evidence and implementation barriers [Перевод заглавия: Вмешательства поддерживаемого принятия решений в психиатрической помощи: систематический обзор доказательств и барьеров внедрения] / C. J. Francis, A. Johnson, R. L. Wilson. – Text : electronic // Health Expectations. – 2024. – Vol. 27, No. 2. – DOI: 10.1111/hex.14001. – URL: https://doaj.org/article/a35dda4d97ae416da0805d44e2483eba (дата обращения: 09.10.2026).
S024	Лозовская, С. О. Правосубъектность лиц, признанных недееспособными и ограниченно дееспособными вследствие психического расстройства / С. О. Лозовская. – Текст : электронный // Вестник Университета имени О. Е. Кутафина (МГЮА). – 2023. – № 5. – С. 139–146. – URL: https://vestnik.msal.ru/jour/article/view/2058 (дата обращения: 09.10.2026).
S074	Санитарно-эпидемиологические требования к организации общественного питания населения : СанПиН 2.3/2.4.3590-20 : утверждены постановлением Главного государственного санитарного врача Российской Федерации от 27.10.2020 № 32. – Текст : электронный // rulaws.ru : [сайт]. – URL: https://rulaws.ru/acts/Postanovlenie-Glavnogo-gosudarstvennogo-sanitarnogo-vracha-RF-ot-27.10.2020-N-32/ (дата обращения: 09.10.2026).
S075	Новый СанПиН для общепита 2026 : [о СанПиН 2.3/2.4.4282-26 «Санитарно-эпидемиологические требования к организации общественного питания населения», утвержденных постановлением Главного государственного санитарного врача Российской Федерации от 02.06.2026 № 18]. – Текст : электронный // Контур : [сайт]. – 2026. – 25 июня. – URL: https://kontur.ru/articles/25860-novyj_sanpin_dlya_obshchepita_2026 (дата обращения: 09.10.2026).
S071	Об утверждении примерного перечня социальных услуг по видам социальных услуг : постановление Правительства Российской Федерации от 24.11.2014 № 1236 : вступило в силу 01.01.2015. – Текст : электронный // rulaws.ru : [сайт]. – URL: https://rulaws.ru/goverment/Postanovlenie-Pravitelstva-RF-ot-24.11.2014-N-1236/ (дата обращения: 09.10.2026).
S009	[Плата за стационарное социальное обслуживание : подборка документов: ст. 31 Федерального закона от 28.12.2013 № 442-ФЗ ; постановление Правительства Российской Федерации № 1075 (расчет среднедушевого дохода)]. – Текст : электронный // КонсультантПлюс : [сайт]. – URL: https://www.consultant.ru/law/podborki/plata_za_stacionarnoe_socialnoe_obsluzhivanie/ (дата обращения: 23.07.2026).
S070	О персональных данных : Федеральный закон от 27.07.2006 № 152-ФЗ : ст. 10 «Специальные категории персональных данных». – Текст : электронный // КонсультантПлюс : [сайт]. – URL: https://www.consultant.ru/document/cons_doc_LAW_61801/26edb2934b899bf9c74c3a8f7e574651c6565e6d/ (дата обращения: 09.10.2026).
I-crpd25f	Конвенция о правах инвалидов : принята резолюцией Генеральной Ассамблеи ООН 2006 г. : ст. 19, 25 (п. «f»), 28. – Текст : электронный // Организация Объединенных Наций : [сайт]. – URL: https://www.un.org/ru/documents/decl_conv/conventions/disability.shtml (дата обращения: 09.10.2026).
S072	Кодекс Российской Федерации об административных правонарушениях : ст. 6.6 «Нарушение санитарно-эпидемиологических требований к организации питания населения». – Текст : электронный // КонсультантПлюс : [сайт]. – URL: https://www.consultant.ru/document/cons_doc_LAW_34661/dceffcf2617aa8cbad91f46398ce0beab3d0ea76/ (дата обращения: 09.10.2026).
S013	[ФАС раскрыла картель на торгах на поставку социально значимых продуктов]. – Текст : электронный // Российская газета : [сайт]. – 2024. – 25 июля. – URL: https://rg.ru/2024/07/25/fas-raskryla-kartel-na-torgah-na-postavku-socialno-znachimyh-produktov.html (дата обращения: 09.10.2026).
S014	[ФАС и ФСБ: картель на поставке школьного питания в Челябинске]. – Текст : электронный // pro-goszakaz.ru : [сайт]. – 2025. – 1 авг. – URL: https://www.pro-goszakaz.ru/news/116068 (дата обращения: 23.07.2026).
S073	[Лечебное питание: правовое регулирование : обзор приказов Министерства здравоохранения Российской Федерации от 05.08.2003 № 330 «О мерах по совершенствованию лечебного питания в лечебно-профилактических учреждениях Российской Федерации», от 21.06.2013 № 395н «Об утверждении норм лечебного питания», от 23.09.2020 № 1008н «Об утверждении порядка обеспечения пациентов лечебным питанием»]. – Текст : электронный // brace-lf.com : [сайт]. – URL: https://brace-lf.com/ru/informaciya/farmatsevticheskoe-i-meditsinskoe-pravo/lechebnoe-pitanie-pravovoe-regulirovanie (дата обращения: 09.10.2026).
I-crpd28	Convention on the Rights of Persons with Disabilities : art. 28 [Перевод заглавия: Конвенция о правах инвалидов : ст. 28 «Адекватный жизненный уровень и социальная защита»] / United Nations. – Text : electronic // OHCHR : [site]. – URL: https://www.ohchr.org/en/instruments-mechanisms/instruments/convention-rights-persons-disabilities (дата обращения: 09.10.2026).
S062	Кодекс Российской Федерации об административных правонарушениях от 30.12.2001 № 195-ФЗ : ст. 6.6 «Нарушение санитарно-эпидемиологических требований к организации питания населения». – Текст : электронный // zakonrf.info : [сайт]. – URL: https://www.zakonrf.info/koap/6.6/ (дата обращения: 09.10.2026).
M-enteric_greig	Greig, J. D. Enteric outbreaks in long-term care facilities and recommendations for prevention: a review [Перевод заглавия: Кишечные вспышки в учреждениях долговременного ухода и рекомендации по профилактике: обзор] / J. D. Greig, M. B. Lee. – Text : electronic // Epidemiology and Infection. – 2009. – Vol. 137, No. 2. – P. 145–155. – DOI: 10.1017/S0950268808000757. – URL: https://www.cambridge.org/core/product/7346921B9C89B5B9DEFCC212A781C541 (дата обращения: 09.10.2026).
S028	[О методических рекомендациях по организации работы стационарных организаций социального обслуживания в условиях COVID-19] : письмо Министерства труда и социальной защиты Российской Федерации от 21.04.2020 № 26-4/10/В-3076. – Текст : электронный // normativ.kontur.ru : [сайт]. – URL: https://normativ.kontur.ru/document?moduleId=8&documentId=361442 (дата обращения: 18.08.2026).
S029	Методические рекомендации по организации питания в учреждениях (отделениях) социального обслуживания граждан пожилого возраста и инвалидов : утверждены постановлением Минтруда России от 15.02.2002 № 12 : в редакции приказа от 04.06.2007 № 397. – Текст : электронный // docs.cntd.ru : [сайт]. – URL: https://docs.cntd.ru/document/901816611 (дата обращения: 18.08.2026).
I-acqsc_food_services	Residential aged care food services : discussion paper [Перевод заглавия: Пищевое обслуживание в домах престарелых : дискуссионный доклад] / Aged Care Quality and Safety Commission ; M. Wroth, Chief Clinical Advisor ; prepared by Health Outcomes International. – Text : electronic // Aged Care Quality and Safety Commission : [site]. – URL: https://www.agedcarequality.gov.au/providers/food-nutrition-dining-information-providers/residential-aged-care-food-services-discussion-paper (дата обращения: 09.10.2026).
M-room_service_mccray	McCray, S. Room service in a public hospital improves nutritional intake and increases patient satisfaction while decreasing food waste and cost [Перевод заглавия: Обслуживание в палате по заказу в государственной больнице улучшает потребление пищи и удовлетворённость пациентов, снижая пищевые отходы и затраты] / S. McCray [et al.]. – Text : electronic // Journal of Human Nutrition and Dietetics. – 2018. – Vol. 31, No. 6. – P. 734–741. – DOI: 10.1111/jhn.12580. – URL: https://research.bond.edu.au/en/publications/room-service-in-a-public-hospital-improves-nutritional-intake-and/ (дата обращения: 09.10.2026).
M-platewaste_manimaran	Manimaran, S. Strategies to Reduce the Rate of Plate Waste in Hospitalized Patients: A Scoping Review [Перевод заглавия: Стратегии снижения доли несъеденной пищи у госпитализированных пациентов: обзорное исследование] / S. Manimaran [et al.]. – Text : electronic // Nutrients. – 2023. – Vol. 15, No. 2. – Art. 301. – DOI: 10.3390/nu15020301. – URL: https://www.mdpi.com/2072-6643/15/2/301/html (дата обращения: 09.10.2026).
M-waste_roulston	Roulston, M. Food waste in residential aged care: A scoping review [Перевод заглавия: Пищевые отходы в домах престарелых: обзорное исследование] / M. Roulston [et al.]. – Text : electronic // Nutrition & Dietetics. – 2026. – Vol. 83, No. 1. – P. 56–73. – DOI: 10.1111/1747-0080.70034. – URL: https://research.usc.edu.au/esploro/outputs/journalArticle/Food-waste-in-residential-aged-care/991155617202621 (дата обращения: 09.10.2026).
I-onaudit2019	Food and Nutrition in Long-Term-Care Homes : Value-for-Money Audit [Перевод заглавия: Питание в домах долговременного ухода : аудит эффективности расходов] // Annual Report 2019 / Office of the Auditor General of Ontario. – Toronto, 2019. – Vol. 1, Chapter 3.05. – URL: https://www.auditor.on.ca/en/content/annualreports/arreports/en19/v1_305en19.pdf (дата обращения: 09.10.2026). – Text : electronic.
M-bedside_order_mackenzie	MacKenzie-Shalders, K. Impact of electronic bedside meal ordering systems on dietary intake, patient satisfaction, plate waste and costs: A systematic literature review [Перевод заглавия: Влияние электронных систем заказа блюд у постели больного на потребление пищи, удовлетворённость пациентов, несъеденную пищу и затраты: систематический обзор литературы] / K. MacKenzie-Shalders [et al.]. – Text : electronic // Nutrition & Dietetics. – 2020. – Vol. 77, No. 1. – P. 103–111. – DOI: 10.1111/1747-0080.12600. – URL: https://research.bond.edu.au/en/publications/impact-of-electronic-bedside-meal-ordering-systems-on-dietary-int/ (дата обращения: 09.10.2026).
M-dementia_edwina	Bunn, D. K. Effectiveness of interventions to indirectly support food and drink intake in people with dementia: Eating and Drinking Well IN dementiA (EDWINA) systematic review [Перевод заглавия: Эффективность вмешательств, косвенно поддерживающих потребление еды и питья людьми с деменцией: систематический обзор EDWINA] / D. K. Bunn [et al.]. – Text : electronic // BMC Geriatrics. – 2016. – Vol. 16. – Art. 89. – DOI: 10.1186/s12877-016-0256-8. – URL: https://bmcgeriatr.biomedcentral.com/articles/10.1186/s12877-016-0256-8 (дата обращения: 09.10.2026).
I-pioneer	Home-Style Dining Interventions [Перевод заглавия: Вмешательства по организации питания в домашнем стиле] / Pioneer Network. – URL: http://www.pioneernetwork.org/wp-content/uploads/2016/10/Home-Style-Dining-Interventions.pdf (дата обращения: 09.10.2026). – Text : electronic.
I-eden	[Философия и десять принципов Eden Alternative]. – Text : electronic // Eden Alternative : [site]. – URL: https://edenalt.org/ (дата обращения: 09.10.2026).
M-pref_heid	Heid, A. R. The stability of nursing home residents' ratings of importance of recreation preferences over one year [Перевод заглавия: Устойчивость оценок важности досуговых предпочтений жителей домов престарелых в течение года] / A. R. Heid [et al.]. – Text : electronic // Journal of Applied Gerontology. – 2022. – Vol. 41, No. 8. – P. 1942–1951. – DOI: 10.1177/07334648221089239. – URL: https://pure.psu.edu/en/publications/the-stability-of-nursing-home-residents-ratings-of-importance-of-/ (дата обращения: 09.10.2026).
I-tallg	[Кейс Tallgläntan: замеры ночного голодания] / Region Jämtland. – 2016. – URL: https://www.regionjh.se/download/18.7b79416a31d3449611c4/1557149809111/2016-2-Skoglind-%C3%96hman.pdf (дата обращения: 09.10.2026). – Text : electronic.
M-snack_simmons	Simmons, S. F. Cost-effectiveness of Nutrition Intervention in Long-Term Care [Перевод заглавия: Экономическая эффективность нутритивного вмешательства в учреждениях долговременного ухода] / S. F. Simmons [et al.]. – Text : electronic // Journal of the American Geriatrics Society. – 2015. – DOI: 10.1111/jgs.13709. – URL: https://www.rand.org/pubs/external_publications/EP50948.html (дата обращения: 09.10.2026).
M-audit_feedback_ivers	Ivers, N. Audit and feedback: effects on professional practice [Перевод заглавия: Аудит и обратная связь: влияние на профессиональную практику] / N. Ivers [et al.]. – Text : electronic // Cochrane Database of Systematic Reviews. – 2026. – Issue 6. – Art. No. CD000259. – Publ. 22 June 2026. – URL: https://www.cochrane.org/CD000259/EPOC_audit-and-feedback-effects-on-professional-practice-and-healthcare-outcomes (дата обращения: 09.10.2026).
S010	[Письмо Министерства труда и социальной защиты Российской Федерации о семинаре ; Список участников семинара]. – Не опубликовано.
S005	Психоневрологических интернатов за три года стало на 13% меньше. – Текст : электронный // Ведомости : [сайт]. – 2026. – 10 апр. – URL: https://www.vedomosti.ru/society/articles/2026/04/10/1189295-psihonevrologicheskih-internatov-stalo-menshe (дата обращения: 09.10.2026).
S080	Конституция Российской Федерации : принята всенародным голосованием 12.12.1993 с изменениями, одобренными в ходе общероссийского голосования 01.07.2020 : ст. 65. – Текст : электронный // Президент России : [сайт]. – URL: http://www.kremlin.ru/acts/constitution/item (дата обращения: 09.10.2026).
S084	Об утверждении норм питания получателей социальных услуг в организациях социального обслуживания, находящихся в ведении Челябинской области : постановление Правительства Челябинской области от 31.10.2014 № 582-П. – Текст : электронный // FAOLEX : [сайт]. – URL: https://faolex.fao.org/docs/pdf/rus203610.pdf (дата обращения: 09.10.2026).
S020	[О нормах питания в стационарных организациях социального обслуживания] : постановление Правительства Москвы № 1068-ПП. – Текст : непосредственный.
S082	О нормах питания получателей социальных услуг в стационарной и полустационарной формах в организациях социального обслуживания Ханты-Мансийского автономного округа – Югры : постановление Правительства Ханты-Мансийского автономного округа – Югры от 22.08.2014 № 306-п. – Текст : электронный // FAOLEX : [сайт]. – URL: https://faolex.fao.org/docs/pdf/rus203615.pdf (дата обращения: 09.10.2026).
S081	Об утверждении норм питания в организациях социального обслуживания Псковской области : приказ Комитета по социальной защите Псковской области от 14.07.2020 № 206. – Текст : электронный // Law and Environment Assistance Platform (LEAP) : [сайт]. – URL: https://leap.unep.org/en/countries/ru/national-legislation/regional-order-no-206-validating-nutritional-standards-recipients (дата обращения: 09.10.2026).
S085	[Об утверждении норм питания получателей социальных услуг в стационарной форме] : приказ Министерства труда и социальной защиты Республики Крым от 14.06.2024 № 269 : в редакции приказа от 15.05.2025 № 249. – Текст : электронный // ГАРАНТ : [сайт]. – URL: https://base.garant.ru/409229072/ (дата обращения: 09.10.2026).
S083	Об утверждении норм питания получателей социальных услуг в стационарной и полустационарной формах социального обслуживания : приказ Главного управления Алтайского края по социальной защите населения и преодолению последствий ядерных испытаний на Семипалатинском полигоне от 31.10.2014 № 376. – Текст : электронный // FAOLEX : [сайт]. – URL: https://faolex.fao.org/docs/pdf/rus203608.pdf (дата обращения: 09.10.2026).
S035	Об утверждении правил внутреннего распорядка жителей СПб ГАСУСОН «ДСО «Серафимовский» : приказ директора СПб ГАСУСОН «ДСО «Серафимовский» от 10.03.2026 № 124. – Текст : электронный // СПб ГАСУСОН «ДСО «Серафимовский» : [сайт]. – URL: https://www.pni9.ru/правила-внутреннего-распорядка/ (дата обращения: 21.08.2026). – Сайт прекратил работу; архивная копия: https://web.archive.org/web/20260415001233/https://www.pni9.ru/правила-внутреннего-распорядка/.
S090	В свердловских домах для престарелых и инвалидов внедряют «шведский стол». – Текст : электронный // ЕАН (Екатеринбург) : [сайт]. – 2013. – 12 апр. – URL: https://eanews.ru/ekaterinburg/20130412145000/v-sverdlovskih-domah-dlya-prestarelyh-i-invalidov-vnedryayut-shvedskiy-stol (дата обращения: 09.10.2026).
S091	Положение об организации питания / ГБУ «Сормовский дом-интернат для престарелых и инвалидов». – Текст : электронный // soc52.ru : [сайт]. – URL: https://soc52.ru/sorm-di-documents/statement/item/447-statement-food (дата обращения: 09.10.2026).
S092	Положение об организации питания в отделении «Дом-интернат (пансионат) общего типа для граждан пожилого возраста и инвалидов» : утверждено приказом МБУ «Комплексный центр социального обслуживания населения Баганского района» от 31.07.2020 № 86. – Текст : электронный // МБУ «Комплексный центр социального обслуживания населения Баганского района» : [сайт]. – URL: https://kcsonbagan.nso.ru/sites/kcsonbagan.nso.ru/wodby_files/files/page_934/2_polozhenie_ob_organizacii_pitaniya.pdf (дата обращения: 09.10.2026).
S093	Сологуб, Н. Две смерти, четыре грамма горошка и хлеб вместо котлет. Голодный год в Прокопьевском психоневрологическом интернате / Н. Сологуб. – Текст : электронный // Медиазона : [сайт]. – 2018. – 8 февр. – URL: https://zona.media/article/2018/02/08/kergelesh (дата обращения: 09.10.2026).
I-bda_res	[Mental health and learning disability inpatients : resources for practice] [Перевод заглавия: Пациенты психиатрических стационаров и стационаров для людей с интеллектуальными нарушениями : практические ресурсы] / British Dietetic Association. – Text : electronic // British Dietetic Association : [site]. – URL: https://www.bda.uk.com/practice-and-education/resources-for-practice/mental-health-learning-disability-inpatients.html (дата обращения: 09.10.2026).
I-uk_scot_hscs	Health and Social Care Standards: my support, my life [Перевод заглавия: Стандарты здравоохранения и социальной помощи: моя поддержка, моя жизнь] / Scottish Government. – Text : electronic // Scottish Government : [site]. – 2017. – 9 June. – URL: https://www.gov.scot/publications/health-social-care-standards-support-life/pages/4/ (дата обращения: 09.10.2026).
M-pm_rev	Porter, J. [Защищённое время приёма пищи: систематический обзор и метаанализ] / J. Porter [et al.]. – Text : electronic // International Journal of Nursing Studies. – 2017. – URL: https://pubmed.ncbi.nlm.nih.gov/27866011/ (дата обращения: 09.10.2026).
M-pm_rct	Porter, J. [Защищённое время приёма пищи: ступенчатое кластерное исследование] / J. Porter [et al.]. – Text : electronic // PubMed Central. – 2019. – URL: https://pmc.ncbi.nlm.nih.gov/articles/PMC5295189/ (дата обращения: 09.10.2026).
I-aus_ru	Питание и прием пищи: ваш выбор имеет значение : информационный листок для получателей услуг : официальный русский перевод / Aged Care Quality and Safety Commission. – Текст : электронный // Aged Care Quality and Safety Commission : [сайт]. – URL: https://www.agedcarequality.gov.au/sites/default/files/media/fdn-choices-fact-sheet-russian.pdf (дата обращения: 09.10.2026).
I-hugo	Hugo, C. What does it cost to feed aged care residents in Australia? [Перевод заглавия: Сколько стоит накормить жителей домов престарелых в Австралии?] / C. Hugo [et al.]. – Text : electronic // Nutrition & Dietetics. – 2018. – URL: https://pure.bond.edu.au/ws/files/25958488/What_does_it_cost_to_feed_aged_care_residents_in_Australia.pdf (дата обращения: 09.10.2026).
I-fct	Milte, R. [Исследование Foodservice Costing Tool: полная стоимость пищевой службы домов престарелых] / R. Milte [et al.]. – Text : electronic // PubMed Central. – 2022. – URL: https://pmc.ncbi.nlm.nih.gov/articles/PMC9321358/ (дата обращения: 09.10.2026).
I-ftag	Food Appendix [Перевод заглавия: Приложение о питании] / The Consumer Voice. – URL: https://theconsumervoice.org/wp-content/uploads/2026/06/Food-Appendix.pdf (дата обращения: 09.10.2026). – Text : electronic.
I-no_hdir2026	Mat, måltider og ernæring i helse- og omsorgstjenesten : høringsutkast [Перевод заглавия: Еда, трапезы и питание в службах здравоохранения и ухода : проект для общественного обсуждения] / Helsedirektoratet. – Text : electronic // Helsedirektoratet : [site]. – 2026. – 10 Sept. – URL: https://www.helsedirektoratet.no/horinger/retningslinje-for-mat-maltider-og-ernaering-i-helse-og-omsorgstjenesten (дата обращения: 09.10.2026).
I-fin2020	New food recommendation for elderly care [Перевод заглавия: Новая рекомендация по питанию в уходе за пожилыми] / Ruokavirasto. – Text : electronic // Ruokavirasto : [site]. – 2020. – URL: https://www.ruokavirasto.fi/en/foodstuffs/healthy-diet/uutiset/new-food-recommendation-for-elderly/ (дата обращения: 09.10.2026).
I-dk_madordning	Madlevering og madordning [Перевод заглавия: Доставка еды и организация питания]. – Text : electronic // Borger.dk : [site]. – URL: https://www.borger.dk/aeldre/hjemmehjaelp-og-aeldrepleje/madlevering-og-madordning (дата обращения: 09.10.2026).
I-dge_qst2023	DGE-Qualitätsstandard für die Verpflegung mit „Essen auf Rädern“ und in Senioreneinrichtungen [Перевод заглавия: Стандарт качества DGE для питания по программе «Еда на колёсах» и в учреждениях для пожилых]. – 1. Aufl., 2. korrigierter und aktualisierter Nachdruck. – Bonn : DGE, 2023. – URL: https://www.dge.de/fileadmin/dok/gemeinschaftsgastronomie/dge-qualitaetsstandards/2023/231005-DGE-QST-Senioren.pdf (дата обращения: 09.10.2026). – Text : electronic.
I-de_charta	Charta der Rechte hilfe- und pflegebedürftiger Menschen [Перевод заглавия: Хартия прав людей, нуждающихся в помощи и уходе] / BMFSFJ, BMG. – 14. Aufl. – Stand: Februar 2020. – URL: https://www.bmbfsfj.bund.de/resource/blob/93450/534bd1b2e04282ca14bb725d684bdf20/charta-der-rechte-hilfe-und-pflegebeduerftiger-menschen-data.pdf (дата обращения: 09.10.2026). – Text : electronic.
I-sunrise	[Leitfaden für Interessierte] [Перевод заглавия: Руководство для интересующихся : проект SUNRISE] / Medizinische Universität Graz. – 2021. – URL: https://www.medunigraz.at/frontend/user_upload/OEs/institute/pflegewissenschaft/pdf/Leitfaden_Interessierte.pdf (дата обращения: 09.10.2026). – Text : electronic.
M-mealctx_divert	Divert, C. Improving meal context in nursing homes. Impact of four strategies on food intake and meal pleasure [Перевод заглавия: Улучшение обстановки трапезы в домах престарелых. Влияние четырёх стратегий на потребление пищи и удовольствие от еды] / C. Divert [et al.]. – Text : electronic // Appetite. – 2015. – Vol. 84. – P. 139–147. – URL: https://www2.dijon.inra.fr/senior-et-sens/fichiers/1-1_fichier20_en.pdf (дата обращения: 09.10.2026).
I-jp2005	[Реформа страхования долговременного ухода 2005 г. и доплаты за питание]. – Text : electronic // NIPH Journal. – 2006. – Vol. 55, No. 1. – URL: https://www.niph.go.jp/journal/data/55-1/200655010006.pdf (дата обращения: 09.10.2026).
I-jpcov	[Доплата за нутритивный менеджмент: охват учреждений]. – Text : electronic // comimi.jp : [site]. – 2021. – URL: https://comimi.jp/archives/column/kasan3 (дата обращения: 09.10.2026).
I-jp2021	[Пересмотр тарифов 2021 г.: усиление нутритивного менеджмента] / Ministry of Health, Labour and Welfare. – Text : electronic // City of Sapporo : [site]. – URL: https://www.city.sapporo.jp/kaigo/k200jigyo/2021housyuukaitei/documents/eiyoucaremanezimentonozyuuzitu.pdf (дата обращения: 09.10.2026).
I-jperia	Outcomes of Long-term Care in Japan [Перевод заглавия: Исходы долговременного ухода в Японии] / ERIA. – 2020. – (Research Project Report 2020-13). – URL: https://www.eria.org/uploads/media/Research-Project-Report/2020-13-Outcomes-of-Long-term-Care-Japan/Outcome-of-Long-term-Care-Insurance-Service-in-Japan-new.pdf (дата обращения: 09.10.2026). – Text : electronic.
I-jpdiet	[Обеспеченность диетологами и потенциально предотвратимые госпитализации жителей домов престарелых: когортное исследование, Япония]. – Text : electronic // BMC Geriatrics. – 2023. – DOI: 10.1186/s12877-023-04278-2. – URL: https://doi.org/10.1186/s12877-023-04278-2 (дата обращения: 09.10.2026).
M-sup_hous	Koomen, L. E. M. Lifestyle interventions for people with a severe mental illness living in supported housing: A systematic review and meta-analysis [Перевод заглавия: Вмешательства в образ жизни для людей с тяжёлыми психическими расстройствами, живущих в сопровождаемом жилье: систематический обзор и метаанализ] / L. E. M. Koomen, M. Z. van der Horst, J. Deenik, W. Cahn. – Text : electronic // Frontiers in Psychiatry. – 2022. – Vol. 13. – Art. 966029. – DOI: 10.3389/fpsyt.2022.966029. – URL: https://www.frontiersin.org/journals/psychiatry/articles/10.3389/fpsyt.2022.966029/full (дата обращения: 09.10.2026).
I-ie_si415	S.I. No. 415/2013 – Health Act 2007 (Care and Welfare of Residents in Designated Centres for Older People) Regulations 2013 : Regulation 18 «Food and nutrition» [Перевод заглавия: Нормативный акт № 415/2013 – Положение 2013 г. об уходе и благополучии проживающих в специализированных центрах для пожилых (к Закону о здравоохранении 2007 г.) : положение 18 «Еда и питание»]. – Text : electronic // Irish Statute Book : [site]. – URL: https://www.irishstatutebook.ie/eli/2013/si/415/made/en/print (дата обращения: 09.10.2026).
I-nl_kader	Kwaliteitskader Verpleeghuiszorg [Перевод заглавия: Рамочный документ о качестве сестринского ухода в домах престарелых] / Zorginstituut Nederland. – 2017 ; actualisatie 2021. – URL: https://www.zn.nl/app/uploads/2023/02/kwaliteitskader-verpleeghuiszorg-2021.pdf (дата обращения: 09.10.2026). – Text : electronic.
I-nl_ind	Handboek voor zorgaanbieders van verpleeghuiszorg, verslagjaar 2019 [Перевод заглавия: Руководство для поставщиков сестринского ухода в домах престарелых, отчётный год 2019] / Zorginstituut Nederland, Zorginzicht. – URL: https://zorginzicht.nl/binaries/content/assets/zorginzicht/kwaliteitsinstrumenten/Handboek+voor+zorgaanbieders+van+verpleeghuiszorg+verslagjaar+2019.pdf (дата обращения: 09.10.2026). – Text : electronic.
M-env_herke	Herke, M. Environmental and behavioural modifications for improving food and fluid intake in people with dementia [Перевод заглавия: Изменения среды и поведения для улучшения потребления пищи и жидкости людьми с деменцией] / M. Herke [et al.]. – Text : electronic // Cochrane Database of Systematic Reviews. – 2018. – Issue 7. – Art. No. CD011542. – DOI: 10.1002/14651858.CD011542.pub2. – URL: https://www.cochrane.org/CD011542 (дата обращения: 09.10.2026).
M-waste_rinninella	Rinninella, E. Hospital Services to Improve Nutritional Intake and Reduce Food Waste: A Systematic Review [Перевод заглавия: Больничные службы для улучшения потребления пищи и сокращения пищевых отходов: систематический обзор] / E. Rinninella [et al.]. – Text : electronic // Nutrients. – 2023. – Vol. 15, No. 2. – Art. 310. – DOI: 10.3390/nu15020310. – URL: https://www.mdpi.com/2072-6643/15/2/310 (дата обращения: 09.10.2026).
M-racchoice_wang	Wang, D. Access to food choices by older people in residential aged care: An integrative review [Перевод заглавия: Доступ пожилых людей в домах престарелых к выбору еды: интегративный обзор] / D. Wang [et al.]. – Text : electronic // Collegian. – 2018. – Vol. 25. – P. 457–465. – DOI: 10.1016/j.colegn.2017.11.004. – URL: https://openresearch-repository.anu.edu.au/entities/publication/cd11f734-e445-413a-ae23-dc7d621f5b50/full (дата обращения: 09.10.2026).
M-mhinpt_porter	Porter, J. Nutritional intake and foodservice satisfaction of adults receiving specialist inpatient mental health services [Перевод заглавия: Потребление пищи и удовлетворённость питанием взрослых пациентов специализированных психиатрических стационаров] / J. Porter, J. Collins. – Text : electronic // Nutrition & Dietetics. – 2022. – Vol. 79, No. 3. – P. 411–418. – DOI: 10.1111/1747-0080.12745. – URL: https://research.monash.edu/en/publications/nutritional-intake-and-foodservice-satisfaction-of-adults-receivi/ (дата обращения: 09.10.2026).
S102	[Об утверждении профессионального стандарта «Помощник по уходу»] : приказ Министерства труда и социальной защиты Российской Федерации от 31.05.2023 № 482н. – Текст : электронный // Национальное агентство развития квалификаций : [сайт]. – URL: https://nok-nark.ru/download/pk/03.01300.02 (дата обращения: 09.10.2026).
S100	Об утверждении Правил организации деятельности организаций социального обслуживания, их структурных подразделений, рекомендуемых нормативов штатной численности и перечня оборудования... : приказ Министерства труда и социальной защиты Российской Федерации от 14.05.2025 № 305н : зарегистрирован в Минюсте России 02.06.2025 № 82485 : вступает в силу 01.09.2025, действует до 01.09.2031. – Текст : электронный // pravo.ppt.ru : [сайт]. – URL: https://pravo.ppt.ru/prikaz/mintrud/n-305n-314346 (дата обращения: 09.10.2026).
S101	О внесении изменений в приказ ... от 26.11.2014 № 178 : приказ Департамента социальной защиты населения Кемеровской области от 14.02.2019 № 30 : вступил в силу 26.02.2019. – Текст : электронный // ГАРАНТ : [сайт]. – URL: https://base.garant.ru/47039162/ (дата обращения: 09.10.2026).
M-staff_perruchoud	Perruchoud, E. The Impact of Nursing Staffs' Working Conditions on the Quality of Care Received by Older Adults in Long-Term Residential Care Facilities: A Systematic Review of Interventional and Observational Studies [Перевод заглавия: Влияние условий труда сестринского персонала на качество ухода за пожилыми в учреждениях долговременного проживания: систематический обзор интервенционных и наблюдательных исследований] / E. Perruchoud [et al.]. – Text : electronic // Geriatrics. – 2022. – Vol. 7, No. 1. – Art. 6. – DOI: 10.3390/geriatrics7010006. – URL: https://www.mdpi.com/2308-3417/7/1/6 (дата обращения: 09.10.2026).
M-iddsi_wu_cfir	Wu, X. S. An Evaluation of Texture Modified Diets Compliant with the International Dysphagia Diet Standardisation Initiative in Aged-Care Facilities Using the Consolidated Framework for Implementation Research [Перевод заглавия: Оценка диет изменённой текстуры, соответствующих IDDSI, в домах престарелых с использованием Консолидированной рамки исследований внедрения] : preprint / X. S. Wu, A. Miles, A. Braakhuis. – Text : electronic // Research Square. – 2021. – DOI: 10.21203/rs.3.rs-567321/v1. – URL: https://www.researchsquare.com/article/rs-567321/v1 (дата обращения: 09.10.2026).
I-cfr_feedasst	42 CFR § 483.160. Requirements for training of paid feeding assistants ; 42 CFR § 483.60(h). Paid feeding assistants [Перевод заглавия: Свод федеральных нормативных актов США, раздел 42, § 483.160. Требования к обучению оплачиваемых помощников по кормлению ; § 483.60(h). Оплачиваемые помощники по кормлению]. – Text : electronic // Legal Information Institute, Cornell Law School : [site]. – URL: https://www.law.cornell.edu/cfr/text/42/483.160 (дата обращения: 09.10.2026).
M-feedassist_simmons2001	Simmons, S. F. Improving food intake in nursing home residents with feeding assistance: a staffing analysis [Перевод заглавия: Улучшение потребления пищи жителями домов престарелых с помощью при кормлении: анализ потребности в персонале] / S. F. Simmons, D. Osterweil, J. F. Schnelle. – Text : electronic // Journals of Gerontology. Series A: Biological Sciences and Medical Sciences. – 2001. – Vol. 56, No. 12. – P. M790–M794. – URL: https://academic.oup.com/biomedgerontology/article/56/12/M790/545995 (дата обращения: 09.10.2026).
I-ont_fao	Long-term care homes program [Перевод заглавия: Программа домов долговременного ухода] / FAO Ontario. – URL: https://fao-on.org/wp-content/uploads/2024/08/Long-term-care-homes-program.pdf (дата обращения: 09.10.2026). – Text : electronic.
I-torstar	[Дома престарелых Онтарио кормят пожилых на 8,33 доллара в день]. – Text : electronic // Toronto Star : [site]. – 2017. – URL: https://www.thestar.com/news/canada/ontario-nursing-homes-feed-seniors-on-8-33-a-day/article_6b7fab43-437c-5ba6-bbfb-0f1d6426062b.html (дата обращения: 09.10.2026).
I-anfp	[ANFP Benchmarking Program: расходы на продукты в домах престарелых] / ANFP. – Text : electronic // Edge. – 2018. – March/April. – URL: https://www.anfponline.org/docs/default-source/legacy-docs/docs/benchmarking-program/anfpbenchmarkingprogramarticle-marchapriledge2018.pdf (дата обращения: 09.10.2026).
I-snn	More than 25% of nursing homes slash food spending below $10 a day [Перевод заглавия: Более 25 % домов престарелых сократили расходы на питание до уровня ниже 10 долларов в день]. – Text : electronic // Skilled Nursing News : [site]. – 2025. – Apr. – URL: https://skillednursingnews.com/2025/04/more-than-25-of-nursing-homes-slash-food-spending-below-10-a-day/ (дата обращения: 09.10.2026).
S103	[Об установлении предельных тарифов на социальные услуги] : постановление Региональной энергетической комиссии Свердловской области от 18.11.2015 № 162-ПК : приложение «Предельные тарифы на социальные услуги». – Текст : электронный // pravo.gov66.ru : [сайт]. – URL: https://www.pravo.gov66.ru/media/pravo/p162_3.pdf (дата обращения: 09.10.2026).
I-m3mmar	Food services in long-term care homes are associated with residents' food intake [Перевод заглавия: Пищевое обслуживание в домах долговременного ухода связано с потреблением пищи жителями]. – Text : electronic // Journal of Nursing Home Research. – URL: https://www.jnursinghomeresearch.com/1592-food-services-in-long-term-care-homes-are-associated-with-residents-food-intake.html (дата обращения: 09.10.2026).
I-aus_bdf	New Basic Daily Fee supplement [Перевод заглавия: Новая надбавка к базовому суточному сбору : форма обязательства и условия] / Australian Government, Department of Health. – 2021. – June. – URL: https://www.health.gov.au/sites/default/files/documents/2021/06/new-basic-daily-fee-supplement.pdf (дата обращения: 09.10.2026). – Text : electronic.
I-aus_fnr	Food and Nutrition Report 2021–2022 [Перевод заглавия: Доклад о питании за 2021–2022 гг.] / Australian Government, Department of Health and Aged Care. – Text : electronic // Australian Government, Department of Health and Aged Care : [site]. – URL: https://www.health.gov.au/resources/publications/food-and-nutrition-report-2021-2022 (дата обращения: 09.10.2026).
S104	О контрактной системе в сфере закупок товаров, работ, услуг для обеспечения государственных и муниципальных нужд : Федеральный закон от 05.04.2013 № 44-ФЗ : ст. 15 «Особенности осуществления закупок бюджетными, автономными учреждениями...». – Текст : электронный // КонсультантПлюс : [сайт]. – URL: https://www.consultant.ru/document/cons_doc_LAW_144624/df3ace0ea577a92ea8b71c0d4363fbbe79da7160/ (дата обращения: 09.10.2026).
S106	О защите конкуренции : Федеральный закон от 26.07.2006 № 135-ФЗ : ст. 44, ч. 1. – Текст : электронный // КонсультантПлюс : [сайт]. – URL: https://www.consultant.ru/document/cons_doc_LAW_61763/823b6d9364817ac5a9d67b0c432824b5c5965c40/ (дата обращения: 09.10.2026).
S107	Антимонопольщики запустили сайт anticartel.ru. – Текст : электронный // amic.ru : [сайт]. – 2010. – 7 окт. – URL: https://www.amic.ru/news/antimonopolschiki-zapustili-sayt-anticartel-ru-134096 (дата обращения: 09.10.2026).
S105	[Особенности проведения закупок с неопределенным объемом по 44-ФЗ]. – Текст : электронный // ppt.ru : [сайт]. – 2021. – 4 июня (обновлено 05.02.2025). – URL: https://ppt.ru/art/zakupki/osobennosti-provedeniya-zakupok-s-neopredelennym-obemom-po-44-fz (дата обращения: 09.10.2026).
S108	ГОСТ Р 52497-2005. Социальное обслуживание населения. Система качества учреждений социального обслуживания : национальный стандарт Российской Федерации : утвержден приказом Ростехрегулирования от 30.12.2005 № 534-ст : дата введения 2007-01-01. – Текст : электронный // dnaop.com : [сайт]. – URL: https://dnaop.com/html/78254/doc-%D0%93%D0%9E%D0%A1%D0%A2_%D0%A0_52497-2005 (дата обращения: 09.10.2026).
S006	[Приказ Министерства финансов Российской Федерации от 30.03.2015 № 52н]. – Текст : электронный // ГАРАНТ : [сайт]. – URL: https://base.garant.ru/58070703/ (дата обращения: 23.07.2026).
S109	[О методических рекомендациях по применению унифицированных форм электронных документов, утвержденных приказом Минфина России от 15.04.2021 № 61н] : письмо Министерства финансов Российской Федерации от 30.07.2024 № 02-06-06/70843. – Текст : электронный // ГАРАНТ.РУ : [сайт]. – 2024. – 6 авг. – URL: https://www.garant.ru/news/1746038/ (дата обращения: 09.10.2026).
S110	О государственном контроле (надзоре) и муниципальном контроле в Российской Федерации : Федеральный закон от 31.07.2020 № 248-ФЗ : ст. 36, 40, 43, 88. – Текст : электронный // КонсультантПлюс : [сайт]. – URL: https://www.consultant.ru/document/cons_doc_LAW_358750/ (дата обращения: 09.10.2026).
S111	О прокуратуре Российской Федерации : Закон Российской Федерации от 17.01.1992 № 2202-1 : ст. 24. – Текст : электронный // zakonrf.info : [сайт]. – URL: https://www.zakonrf.info/zakon-o-prokurature/24/ (дата обращения: 09.10.2026).
S112	Кодекс Российской Федерации об административных правонарушениях : ст. 3.4, 4.1.1, 6.6. – Текст : электронный // zakonrf.info : [сайт]. – URL: https://www.zakonrf.info/koap/6.6/ (дата обращения: 09.10.2026).
S113	Уголовный кодекс Российской Федерации : ст. 238, 293. – Текст : электронный // zakonrf.info : [сайт]. – URL: https://www.zakonrf.info/uk/293/ (дата обращения: 09.10.2026).
S114	Об утверждении Примерного положения о попечительском совете организации социального обслуживания : приказ Министерства труда и социальной защиты Российской Федерации от 30.06.2014 № 425н : зарегистрирован в Минюсте России 31.07.2014 № 33371. – Текст : электронный // rulaws.ru : [сайт]. – URL: https://rulaws.ru/acts/Prikaz-Mintruda-Rossii-ot-30.06.2014-N-425n/ (дата обращения: 09.10.2026).
I-us_cfr_483_10	42 CFR § 483.10. Resident rights : (f)(5)–(7) Resident and family groups [Перевод заглавия: Свод федеральных нормативных актов США, раздел 42, § 483.10. Права проживающих : (f)(5)–(7) Группы проживающих и их семей]. – Text : electronic // Legal Information Institute, Cornell Law School : [site]. – URL: https://www.law.cornell.edu/cfr/text/42/483.10 (дата обращения: 09.10.2026).
M-ltc_councils_hutchinson	Hutchinson, M. Listened to but Rarely Heard: A Scoping Review of Resident Engagement in the Organizational Design and Governance of their Long-Term Care Homes [Перевод заглавия: Выслушаны, но редко услышаны: обзорное исследование участия жителей в организационном устройстве и управлении домами долговременного ухода] / M. Hutchinson [et al.]. – Text : electronic // Canadian Journal on Aging. – 2025. – Vol. 44, No. 4. – P. 552–564. – DOI: 10.1017/S0714980825100263. – URL: https://www.cambridge.org/core/product/C551889E0C07BB565CC251D3BDD95289 (дата обращения: 09.10.2026).
M-impl_outcomes_proctor	Proctor, E. Outcomes for Implementation Research: Conceptual Distinctions, Measurement Challenges, and Research Agenda [Перевод заглавия: Результаты исследований внедрения: концептуальные различия, трудности измерения и исследовательская повестка] / E. Proctor [et al.]. – Text : electronic // Administration and Policy in Mental Health and Mental Health Services Research. – 2011. – Vol. 38, No. 2. – P. 65–76. – DOI: 10.1007/s10488-010-0319-7. – URL: https://link.springer.com/article/10.1007/s10488-010-0319-7 (дата обращения: 09.10.2026).
I-cec_runchart	Run charts [Перевод заглавия: Графики серий] / Clinical Excellence Commission (NSW Health). – Text : electronic // CEC Academy. Quality improvement tools : [site]. – URL: https://www.cec.health.nsw.gov.au/CEC-Academy/quality-improvement-tools/run-charts (дата обращения: 09.10.2026).
M-runchart_perla	Perla, R. J. The run chart: a simple analytical tool for learning from variation in healthcare processes [Перевод заглавия: График серий: простой аналитический инструмент для изучения вариабельности процессов здравоохранения] / R. J. Perla, L. P. Provost, S. K. Murray. – Text : electronic // BMJ Quality & Safety. – 2011. – Vol. 20, No. 1. – P. 46–. – URL: https://qualitysafety.bmj.com/content/20/1/46 (дата обращения: 09.10.2026).
M-hawthorne_mccambridge	McCambridge, J. Systematic review of the Hawthorne effect: new concepts are needed to study research participation effects [Перевод заглавия: Систематический обзор эффекта Хоторна: для изучения эффектов участия в исследовании нужны новые понятия] / J. McCambridge, J. Witton, D. R. Elbourne. – Text : electronic // Journal of Clinical Epidemiology. – 2014. – Vol. 67, No. 3. – P. 267–277. – DOI: 10.1016/j.jclinepi.2013.08.015. – URL: https://researchonline.lshtm.ac.uk/1380017 (дата обращения: 09.10.2026).
M-rtm_barnett	Barnett, A. G. Regression to the mean: what it is and how to deal with it [Перевод заглавия: Регрессия к среднему: что это такое и как с ней обращаться] / A. G. Barnett, J. C. van der Pols, A. J. Dobson. – Text : electronic // International Journal of Epidemiology. – 2005. – Vol. 34, No. 1. – P. 215–220. – DOI: 10.1093/ije/dyh299. – URL: https://academic.oup.com/ije/article/34/1/215/638499 (дата обращения: 09.10.2026).
M-pilot_progression_avery	Avery, K. N. L. Informing efficient randomised controlled trials: exploration of challenges in developing progression criteria for internal pilot studies [Перевод заглавия: К эффективным рандомизированным контролируемым исследованиям: трудности разработки критериев перехода для внутренних пилотных исследований] / K. N. L. Avery [et al.] ; Internal Pilot Trials Workshop members. – Text : electronic // BMJ Open. – 2017. – Vol. 7, No. 2. – Art. e013537. – URL: https://bmjopen.bmj.com/content/7/2/e013537 (дата обращения: 09.10.2026).
M-qi_sustain_devi	Devi, R. Sustaining interventions in care homes initiated by quality improvement projects: a qualitative study [Перевод заглавия: Поддержание в домах ухода вмешательств, начатых проектами улучшения качества: качественное исследование] / R. Devi [et al.]. – Text : electronic // BMJ Quality & Safety. – 2023. – Vol. 32, No. 11. – P. 665–675. – DOI: 10.1136/bmjqs-2021-014345. – URL: https://eprints.whiterose.ac.uk/id/eprint/183374/ (дата обращения: 09.10.2026).
M-platewaste_williams	Williams, P. Plate waste in hospitals and strategies for change [Перевод заглавия: Несъеденная пища в больницах и стратегии изменений] / P. Williams, K. Walton. – Text : electronic // e-SPEN, the European e-Journal of Clinical Nutrition and Metabolism. – 2011. – Vol. 6, No. 6. – P. e235–e241. – URL: https://ro.uow.edu.au/articles/journal_contribution/Plate_waste_in_hospitals_and_strategies_for_change/27740256 (дата обращения: 09.10.2026).
S121	Об основах социального обслуживания граждан в Российской Федерации : Федеральный закон от 28.12.2013 № 442-ФЗ : ст. 8 «Полномочия органов государственной власти субъектов Российской Федерации в сфере социального обслуживания», пп. 5, 6, 10, 24.1. – Текст : электронный // КонсультантПлюс : [сайт]. – URL: https://www.consultant.ru/document/cons_doc_LAW_156558/2a85900e96a4b07cbc892bd43e0be773fd1f102e/ (дата обращения: 09.10.2026).
S122	Об утверждении Единого порядка расчета показателей, характеризующих общие критерии оценки качества условий оказания услуг организациями в сфере культуры, охраны здоровья, образования, социального обслуживания и федеральными учреждениями медико-социальной экспертизы : приказ Министерства труда и социальной защиты Российской Федерации от 31.05.2018 № 344н : зарегистрирован в Минюсте России 11.10.2018 № 52409. – Текст : электронный // rulaws.ru : [сайт]. – URL: https://rulaws.ru/acts/Prikaz-Mintruda-Rossii-ot-31.05.2018-N-344n/ (дата обращения: 09.10.2026).
I-cqc_reg14	Regulation 14: Meeting nutritional and hydration needs [Перевод заглавия: Положение 14: удовлетворение потребностей в питании и питье] : Health and Social Care Act 2008 (Regulated Activities) Regulations 2014 / Care Quality Commission. – Text : electronic // Care Quality Commission : [site]. – URL: https://www.cqc.org.uk/guidance-regulation/providers/regulations-service-providers-and-managers/health-social-care-act/regulation-14 (дата обращения: 09.10.2026).
I-nhs_standards2022	National standards for healthcare food and drink [Перевод заглавия: Национальные стандарты питания и питья в здравоохранении] / NHS England. – Version 1. – 2022. – 1 Nov. – Text : electronic // NHS England : [site]. – URL: https://www.england.nhs.uk/long-read/national-standards-for-healthcare-food-and-drink/ (дата обращения: 09.10.2026).
I-grade_guyatt	Guyatt, G. H. GRADE: an emerging consensus on rating quality of evidence and strength of recommendations [Перевод заглавия: GRADE: складывающийся консенсус в оценке качества доказательств и силы рекомендаций] / G. H. Guyatt [et al.] ; GRADE Working Group. – Text : electronic // BMJ. – 2008. – Vol. 336. – P. 924–926. – DOI: 10.1136/bmj.39489.470347.AD. – URL: https://www.bmj.com/content/336/7650/924 (дата обращения: 09.10.2026).
S120	Об утверждении порядка и сроков разработки клинических рекомендаций, их пересмотра, типовой формы клинических рекомендаций и требований к их структуре, составу и научной обоснованности включаемой в клинические рекомендации информации : приказ Министерства здравоохранения Российской Федерации от 28.02.2019 № 103н : зарегистрирован в Минюсте России 08.05.2019 № 54588 : с изменениями, внесенными приказом Министерства здравоохранения Российской Федерации от 23.06.2020 № 617н. – Текст : электронный // rulaws.ru : [сайт]. – URL: https://rulaws.ru/acts/Prikaz-Minzdrava-Rossii-ot-28.02.2019-N-103n/ (дата обращения: 09.10.2026).
S025	Кейтеринг в организациях социального обслуживания. – Текст : электронный // Профиздат : [сайт]. – 2022. – URL: https://www.profiz.ru/sec/4_2022/Kejtering/ (дата обращения: 23.07.2026).
S023	О контрактной системе в сфере закупок товаров, работ, услуг для обеспечения государственных и муниципальных нужд : Федеральный закон от 05.04.2013 № 44-ФЗ. – Текст : электронный // КонсультантПлюс : [сайт]. – URL: https://www.consultant.ru/document/cons_doc_LAW_144624/ (дата обращения: 23.07.2026).
S034	Поставка продуктов питания : извещение о проведении открытого конкурса в электронной форме № 0372200070825000244 / заказчик СПб ГБСУСОН «ДСО «Тесовый берег». – 2025. – 24 нояб. – Текст : электронный // TenderGuru : [сайт]. – URL: https://www.tenderguru.ru/tender/90473908 (дата обращения: 19.08.2026).
S123	О контрактной системе в сфере закупок товаров, работ, услуг для обеспечения государственных и муниципальных нужд : Федеральный закон от 05.04.2013 № 44-ФЗ : ст. 33 «Правила описания объекта закупки», ч. 1, пп. 1–2. – Текст : электронный // КонсультантПлюс : [сайт]. – URL: https://www.consultant.ru/document/cons_doc_LAW_144624/d6aec91603ff628ea274b8552ce2849e06e0aa4c/ (дата обращения: 09.10.2026).
S124	ГОСТ 30390-2013. Услуги общественного питания. Продукция общественного питания, реализуемая населению. Общие технические условия : межгосударственный стандарт : дата введения 2016-01-01. – Текст : электронный // cn.gostinfo.ru : [сайт]. – URL: https://cn.gostinfo.ru/catalog/Details/?id=5319168 (дата обращения: 09.10.2026).
S031	[Об усилении контроля за исполнением поставщиками питания своих обязательств] : письмо Комитета по социальной политике Санкт-Петербурга руководителям государственных учреждений. – Не опубликовано.
I-nhs2016	Standards for food and drink in NHS hospitals [Перевод заглавия: Стандарты питания и питья в больницах NHS] / Hospital Food Standards Panel. – 2016. – URL: https://assets.publishing.service.gov.uk/media/5a806e1eed915d74e33fa61a/Hospital_Food_Panel_May_2016.pdf (дата обращения: 09.10.2026). – Text : electronic.
M-and_dorner	Dorner, B. Position of the Academy of Nutrition and Dietetics: Individualized Nutrition Approaches for Older Adults: Long-Term Care, Post-Acute Care, and Other Settings [Перевод заглавия: Позиция Академии питания и диетологии: индивидуализированные подходы к питанию пожилых людей в учреждениях долговременного ухода, постострой помощи и других условиях] / B. Dorner, E. K. Friedrich. – Text : electronic // Journal of the Academy of Nutrition and Dietetics. – 2018. – Vol. 118, No. 4. – P. 724–735. – DOI: 10.1016/j.jand.2018.01.022. – URL: https://www.cdrnet.org/vault/2459/web//Individualized%20Nutrition%20Approaches%20for%20Older%20Adults%202018-2025.pdf (дата обращения: 09.10.2026).
I-cms_dining2013	Information Only: New Dining Standards of Practice Resources are Available Now : Memorandum S&C: 13-13-NH [Перевод заглавия: Для сведения: новые материалы о стандартах практики организации питания уже доступны : информационное письмо S&C: 13-13-NH] / Centers for Medicare & Medicaid Services, Center for Clinical Standards and Quality, Survey & Certification Group ; signed by T. E. Hamilton. – 2013. – 1 March. – URL: https://www.cms.gov/medicare/provider-enrollment-and-certification/surveycertificationgeninfo/downloads/survey-and-cert-letter-13-13.pdf (дата обращения: 09.10.2026). – Text : electronic.
M-rrem_lachs	Lachs, M. S. The Prevalence of Resident-to-Resident Elder Mistreatment in Nursing Homes [Перевод заглавия: Распространённость жестокого обращения между жителями домов престарелых] / M. S. Lachs [et al.]. – Text : electronic // Annals of Internal Medicine. – 2016. – Vol. 165, No. 4. – P. 229–236. – DOI: 10.7326/M15-1209. – PMID 27295575. – URL: https://pure.psu.edu/en/publications/the-prevalence-of-resident-to-resident-elder-mistreatment-in-nurs/ (дата обращения: 09.10.2026).
S137	О бухгалтерском учете : Федеральный закон от 06.12.2011 № 402-ФЗ : ст. 9 «Первичные учетные документы» : редакция от 15.12.2025. – Текст : электронный // rulaws.ru : [сайт]. – URL: https://rulaws.ru/laws/Federalnyy-zakon-ot-06.12.2011-N-402-FZ/Statya-9/ (дата обращения: 09.10.2026).
S138	О контрактной системе в сфере закупок товаров, работ, услуг для обеспечения государственных и муниципальных нужд : Федеральный закон от 05.04.2013 № 44-ФЗ : ст. 34 «Контракт», ч. 4, 6–8 : редакция от 04.08.2026. – Текст : электронный // КонсультантПлюс : [сайт]. – URL: https://www.consultant.ru/document/cons_doc_LAW_144624/c5cbc4acc59ffed792a3921dbc18900d2d0f7eb1/ (дата обращения: 09.10.2026).
I-us_cfr_483_5	42 CFR § 483.5. Definitions [Перевод заглавия: Свод федеральных нормативных актов США, раздел 42, § 483.5. Определения] : Requirements for States and Long Term Care Facilities. – Text : electronic // Legal Information Institute, Cornell Law School : [site]. – URL: https://www.law.cornell.edu/cfr/text/42/483.5 (дата обращения: 09.10.2026).
S135	О порядке рассмотрения обращений граждан Российской Федерации : Федеральный закон от 02.05.2006 № 59-ФЗ : ст. 1 (ч. 1, 4), ст. 10 (ч. 1), ст. 12 (ч. 1) : редакция от 28.12.2024. – Текст : электронный // КонсультантПлюс : [сайт]. – URL: https://www.consultant.ru/document/cons_doc_LAW_59999/23fb391f3632e3f68a11e40c5a7711f3513cc674/ (дата обращения: 10.10.2026).
S136	О прокуратуре Российской Федерации : Закон Российской Федерации от 17.01.1992 № 2202-1 : ст. 6 «Обязательность исполнения требований прокурора» : редакция от 04.08.2026. – Текст : электронный // КонсультантПлюс : [сайт]. – URL: https://www.consultant.ru/document/cons_doc_LAW_262/a7897e6471f1f713c1af63e5476c9ec0c9d46650/ (дата обращения: 09.10.2026).
I-rcuk_choking	Adult choking algorithm [Перевод заглавия: Алгоритм помощи взрослому при удушье инородным телом] / Resuscitation Council UK. – 2025. – URL: https://www.resus.org.uk/sites/default/files/2025-10/Adult%20choking%20algorithm%202025%20.pdf (дата обращения: 09.10.2026). – Text : electronic.
S140	Об утверждении Порядка оказания первой помощи : приказ Министерства здравоохранения Российской Федерации от 03.05.2024 № 220н : зарегистрирован в Минюсте России 31.05.2024 № 78363 : вступил в силу 01.09.2024. – Текст : электронный // Новосибирский государственный технический университет : [сайт]. – URL: https://nstu.ru/static_files/63200/03.05.2024_220.pdf (дата обращения: 09.10.2026).
S141	Об основах охраны здоровья граждан в Российской Федерации : Федеральный закон от 21.11.2011 № 323-ФЗ : ст. 31 «Первая помощь». – Текст : электронный // МЧС России : [сайт]. – Изложено в разъяснении «Организационно-правовые аспекты оказания первой помощи». – URL: https://mchs.gov.ru/deyatelnost/bezopasnost-grazhdan/organizacionno-pravovye-aspekty-okazaniya-pervoy-pomoshchi_7 (дата обращения: 09.10.2026).
S142	Об утверждении учетной формы № 058/у «Экстренное извещение о случае инфекционной болезни» : приказ Министерства здравоохранения Российской Федерации от 20.08.2026 № 740н : зарегистрирован в Минюсте России 16.09.2026 № 88291 : вступает в силу 01.03.2027. – Текст : электронный // ppt.ru : [сайт]. – Сведения приведены по обзору. – URL: https://ppt.ru/obzory/vstupaet-v-silu/prikaz-minzdrava-rossii-20-08-2026-740n (дата обращения: 09.10.2026).
I-flw_standard	Food Loss and Waste Accounting and Reporting Standard (FLW Standard) [Перевод заглавия: Стандарт учёта и отчётности о потерях и отходах пищи] / Food Loss + Waste Protocol ; secretariat World Resources Institute. – Version 1.0. – 2016. – Jan. – URL: https://flwprotocol.org/wp-content/uploads/2017/05/FLW_Standard_final_2016.pdf (дата обращения: 09.10.2026). – Text : electronic.
S145	Трудовой кодекс Российской Федерации от 30.12.2001 № 197-ФЗ : ст. 91 «Понятие рабочего времени. Нормальная продолжительность рабочего времени». – Текст : электронный // КонсультантПлюс : [сайт]. – URL: https://www.consultant.ru/document/cons_doc_LAW_34683/bd14cccf0a1f074ef104e82522f7e2dea04d651f/ (дата обращения: 09.10.2026).
I-psirf_nhs	Patient Safety Incident Response Framework (PSIRF) [Перевод заглавия: Рамочный документ о реагировании на инциденты, связанные с безопасностью пациентов] / NHS England. – Version 1. – Text : electronic // NHS England : [site]. – URL: https://www.england.nhs.uk/patient-safety/patient-safety-insight/incident-response-framework/ (дата обращения: 09.10.2026).
I-easyread_ie	Information for all: European standards for making information easy to read and understand [Перевод заглавия: Информация для всех: европейские стандарты подготовки лёгкой для чтения и понимания информации] / Inclusion Europe. – Brussels : Inclusion Europe, [2010]. – ISBN 2-87460-110-1. – URL: https://www.inclusion-europe.eu/wp-content/uploads/2017/06/EN_Information_for_all.pdf (дата обращения: 09.10.2026). – Text : electronic.
I-easyread	Accessible Information Standard [Перевод заглавия: Стандарт доступной информации] / Mencap. – Text : electronic // Mencap : [site]. – URL: https://www.mencap.org.uk/help-and-advice/health/accessible-information-standard (дата обращения: 09.10.2026).
M-hydr_low	Narrative Review of Low-Intake Dehydration in Older Adults [Перевод заглавия: Описательный обзор дегидратации вследствие недостаточного потребления жидкости у пожилых]. – Text : electronic // PubMed Central. – 2021. – URL: https://pmc.ncbi.nlm.nih.gov/articles/PMC8470893/ (дата обращения: 09.10.2026).
M-hydr_esp	Volkert, D. ESPEN guideline on clinical nutrition and hydration in geriatrics [Перевод заглавия: Руководство ESPEN по клиническому питанию и гидратации в гериатрии] / D. Volkert [et al.]. – Text : electronic // Clinical Nutrition. – 2019. – Vol. 38, No. 1. – P. 10–47. – DOI: 10.1016/j.clnu.2018.05.029. – URL: https://doi.org/10.1016/j.clnu.2018.05.029 (дата обращения: 09.10.2026).
M-hydr_palt	Dehydration and Fluid Maintenance in the Long-Term Care Setting : clinical practice guideline [Перевод заглавия: Дегидратация и поддержание водного баланса в учреждениях долговременного ухода : клиническое руководство] / PALTmed. – 2024. – URL: https://paltmed.org/sites/default/files/2024-10/Dehydration%20CPG%2008092024.pdf (дата обращения: 09.10.2026). – Text : electronic.
S150	Семейный кодекс Российской Федерации от 29.12.1995 № 223-ФЗ : ст. 57 «Право ребенка выражать свое мнение» : редакция от 23.03.2026 с изменениями от 15.05.2026. – Текст : электронный // КонсультантПлюс : [сайт]. – URL: https://www.consultant.ru/document/cons_doc_LAW_8982/00731b26adc7c351894969e6f7d05a903cfd6551/ (дата обращения: 09.10.2026).
S027	Санитарно-эпидемиологические требования к организациям воспитания и обучения, отдыха и оздоровления детей и молодежи : СП 2.4.3648-20 : утверждены постановлением Главного государственного санитарного врача Российской Федерации от 28.09.2020 № 28 : зарегистрировано в Минюсте России 18.12.2020 № 61573. – Текст : электронный // КонсультантПлюс : [сайт]. – URL: https://www.consultant.ru/document/cons_doc_LAW_371594/ (дата обращения: 23.07.2026).
I-noro_hicpac	MacCannell, T. Guideline for the Prevention and Control of Norovirus Gastroenteritis Outbreaks in Healthcare Settings. Section II: Summary of Recommendations [Перевод заглавия: Руководство по профилактике и контролю вспышек норовирусного гастроэнтерита в медицинских организациях. Раздел II: Сводка рекомендаций] / T. MacCannell [et al.] ; Healthcare Infection Control Practices Advisory Committee (HICPAC). – CDC, 2011. – Text : electronic // CDC : [site]. – URL: https://www.cdc.gov/infection-control/hcp/norovirus-guidelines/summary-recommendations.html (дата обращения: 09.10.2026).
